ISO-10303-21;
HEADER;
FILE_DESCRIPTION(('Open CASCADE Model'),'2;1');
FILE_NAME('Open CASCADE Shape Model','2026-01-01T00:00:00',('Author'),(
    'Open CASCADE'),'Open CASCADE STEP processor 7.9','Open CASCADE 7.9'
  ,'Unknown');
FILE_SCHEMA((
'AP242_MANAGED_MODEL_BASED_3D_ENGINEERING_MIM_LF {1 0 10303 442 1 1 4 }'
    ));
ENDSEC;
DATA;
#1 = APPLICATION_PROTOCOL_DEFINITION('international standard',
  'ap242_managed_model_based_3d_engineering',2013,#2);
#2 = APPLICATION_CONTEXT('Managed model based 3d engineering');
#3 = SHAPE_DEFINITION_REPRESENTATION(#4,#10);
#4 = PRODUCT_DEFINITION_SHAPE('','',#5);
#5 = PRODUCT_DEFINITION('design','',#6,#9);
#6 = PRODUCT_DEFINITION_FORMATION('','',#7);
#7 = PRODUCT('fr-cover-right','fr-cover-right','',(#8));
#8 = PRODUCT_CONTEXT('',#2,'mechanical');
#9 = PRODUCT_DEFINITION_CONTEXT('part definition',#2,'design');
#10 = SHAPE_REPRESENTATION('',(#11,#15),#19);
#11 = AXIS2_PLACEMENT_3D('',#12,#13,#14);
#12 = CARTESIAN_POINT('',(0.,0.,0.));
#13 = DIRECTION('',(0.,0.,1.));
#14 = DIRECTION('',(1.,0.,-0.));
#15 = AXIS2_PLACEMENT_3D('',#16,#17,#18);
#16 = CARTESIAN_POINT('',(0.,0.,0.));
#17 = DIRECTION('',(0.,0.,1.));
#18 = DIRECTION('',(1.,0.,-0.));
#19 = ( GEOMETRIC_REPRESENTATION_CONTEXT(3) 
GLOBAL_UNCERTAINTY_ASSIGNED_CONTEXT((#23)) GLOBAL_UNIT_ASSIGNED_CONTEXT(
(#20,#21,#22)) REPRESENTATION_CONTEXT('Context #1',
  '3D Context with UNIT and UNCERTAINTY') );
#20 = ( LENGTH_UNIT() NAMED_UNIT(*) SI_UNIT(.MILLI.,.METRE.) );
#21 = ( NAMED_UNIT(*) PLANE_ANGLE_UNIT() SI_UNIT($,.RADIAN.) );
#22 = ( NAMED_UNIT(*) SI_UNIT($,.STERADIAN.) SOLID_ANGLE_UNIT() );
#23 = UNCERTAINTY_MEASURE_WITH_UNIT(LENGTH_MEASURE(1.E-07),#20,
  'distance_accuracy_value','confusion accuracy');
#24 = PRODUCT_RELATED_PRODUCT_CATEGORY('part',$,(#7));
#25 = SHAPE_DEFINITION_REPRESENTATION(#26,#32);
#26 = PRODUCT_DEFINITION_SHAPE('','',#27);
#27 = PRODUCT_DEFINITION('design','',#28,#31);
#28 = PRODUCT_DEFINITION_FORMATION('','',#29);
#29 = PRODUCT('fr-cover-right.body','fr-cover-right.body','',(#30));
#30 = PRODUCT_CONTEXT('',#2,'mechanical');
#31 = PRODUCT_DEFINITION_CONTEXT('part definition',#2,'design');
#32 = ADVANCED_BREP_SHAPE_REPRESENTATION('',(#11,#33),#1933);
#33 = MANIFOLD_SOLID_BREP('',#34);
#34 = CLOSED_SHELL('',(#35,#197,#291,#396,#448,#541,#594,#666,#698,#792,
    #845,#918,#950,#1043,#1096,#1168,#1200,#1293,#1346,#1418,#1450,#1543
    ,#1596,#1668,#1700,#1785,#1833,#1892,#1919,#1926));
#35 = ADVANCED_FACE('',(#36),#56,.F.);
#36 = FACE_BOUND('',#37,.F.);
#37 = EDGE_LOOP('',(#38,#98,#125,#172));
#38 = ORIENTED_EDGE('',*,*,#39,.T.);
#39 = EDGE_CURVE('',#40,#42,#44,.T.);
#40 = VERTEX_POINT('',#41);
#41 = CARTESIAN_POINT('',(375.00732762866,685.66755239012,
    71.500125317495));
#42 = VERTEX_POINT('',#43);
#43 = CARTESIAN_POINT('',(142.01900146693,3.348736306352E+03,
    274.89890450812));
#44 = SURFACE_CURVE('',#45,(#55,#80),.PCURVE_S1.);
#45 = B_SPLINE_CURVE_WITH_KNOTS('',3,(#46,#47,#48,#49,#50,#51,#52,#53,
    #54),.UNSPECIFIED.,.F.,.F.,(4,1,1,1,1,1,4),(0.,449.37364585801,
    898.74729171603,1.348120937574E+03,1.797494583432E+03,
    2.24686822929E+03,2.696241875148E+03),.QUASI_UNIFORM_KNOTS.);
#46 = CARTESIAN_POINT('',(375.00732762866,685.66755239012,
    71.500125317495));
#47 = CARTESIAN_POINT('',(362.39941562871,829.77664597813,
    110.46803492072));
#48 = CARTESIAN_POINT('',(336.97121390086,1.120422321693E+03,
    179.34650444417));
#49 = CARTESIAN_POINT('',(298.34207192414,1.561955434897E+03,
    255.20808446711));
#50 = CARTESIAN_POINT('',(259.37582423755,2.007341683997E+03,
    303.28633796426));
#51 = CARTESIAN_POINT('',(220.22416494976,2.454847197397E+03,
    323.4050073485));
#52 = CARTESIAN_POINT('',(181.03936611551,2.902731497545E+03,
    315.47498778484));
#53 = CARTESIAN_POINT('',(154.99562360819,3.200412836564E+03,
    291.53151905082));
#54 = CARTESIAN_POINT('',(142.01900146693,3.348736306352E+03,
    274.89890450812));
#55 = PCURVE('',#56,#75);
#56 = B_SPLINE_SURFACE_WITH_KNOTS('',3,1,(
    (#57,#58)
    ,(#59,#60)
    ,(#61,#62)
    ,(#63,#64)
    ,(#65,#66)
    ,(#67,#68)
    ,(#69,#70)
    ,(#71,#72)
    ,(#73,#74
    )),.UNSPECIFIED.,.F.,.F.,.F.,(4,1,1,1,1,1,4),(2,2),(0.,
    451.48402109578,902.96804219156,1.354452063287E+03,
    1.805936084383E+03,2.257420105479E+03,2.708904126575E+03),(0.,1.),
  .UNSPECIFIED.);
#57 = CARTESIAN_POINT('',(375.00732762866,685.66755239012,
    71.500125317495));
#58 = CARTESIAN_POINT('',(439.15337112434,683.72183834023,
    59.146374319631));
#59 = CARTESIAN_POINT('',(362.39941562871,829.77664597813,
    110.46803492072));
#60 = CARTESIAN_POINT('',(458.9496248616,827.17384110011,100.22030072455
    ));
#61 = CARTESIAN_POINT('',(336.97121390086,1.120422321693E+03,
    179.34650444417));
#62 = CARTESIAN_POINT('',(498.9202755638,1.116818031912E+03,
    172.60102144545));
#63 = CARTESIAN_POINT('',(298.34207192414,1.561955434897E+03,
    255.20808446711));
#64 = CARTESIAN_POINT('',(559.73645091678,1.557517685007E+03,
    251.52871356942));
#65 = CARTESIAN_POINT('',(259.37582423755,2.007341683997E+03,
    303.28633796426));
#66 = CARTESIAN_POINT('',(621.13972913173,2.002471733023E+03,
    300.41699838635));
#67 = CARTESIAN_POINT('',(220.22416494976,2.454847197397E+03,
    323.4050073485));
#68 = CARTESIAN_POINT('',(682.85304496133,2.44967244434E+03,
    319.05894735342));
#69 = CARTESIAN_POINT('',(181.03936611551,2.902731497545E+03,
    315.47498778484));
#70 = CARTESIAN_POINT('',(744.59821280318,2.897103968769E+03,
    307.35693039581));
#71 = CARTESIAN_POINT('',(154.99562360819,3.200412836564E+03,
    291.53151905082));
#72 = CARTESIAN_POINT('',(785.59748204063,3.194201963261E+03,
    279.38872502615));
#73 = CARTESIAN_POINT('',(142.01900146693,3.348736306352E+03,
    274.89890450812));
#74 = CARTESIAN_POINT('',(806.00971668091,3.342117623407E+03,
    260.36940987254));
#75 = DEFINITIONAL_REPRESENTATION('',(#76),#79);
#76 = B_SPLINE_CURVE_WITH_KNOTS('',1,(#77,#78),.UNSPECIFIED.,.F.,.F.,(2,
    2),(0.,2.696241875148E+03),.PIECEWISE_BEZIER_KNOTS.);
#77 = CARTESIAN_POINT('',(0.,0.));
#78 = CARTESIAN_POINT('',(2.708904126575E+03,0.));
#79 = ( GEOMETRIC_REPRESENTATION_CONTEXT(2) 
PARAMETRIC_REPRESENTATION_CONTEXT() REPRESENTATION_CONTEXT('2D SPACE',''
  ) );
#80 = PCURVE('',#81,#86);
#81 = PLANE('',#82);
#82 = AXIS2_PLACEMENT_3D('',#83,#84,#85);
#83 = CARTESIAN_POINT('',(375.00732762866,685.66755239012,
    71.500125317495));
#84 = DIRECTION('',(0.996194698092,8.715574274766E-02,6.830908502859E-16
    ));
#85 = DIRECTION('',(-8.69045508051E-02,0.99332356105,7.586766183125E-02)
  );
#86 = DEFINITIONAL_REPRESENTATION('',(#87),#97);
#87 = B_SPLINE_CURVE_WITH_KNOTS('',3,(#88,#89,#90,#91,#92,#93,#94,#95,
    #96),.UNSPECIFIED.,.F.,.F.,(4,1,1,1,1,1,4),(0.,449.37364585801,
    898.74729171603,1.348120937574E+03,1.797494583432E+03,
    2.24686822929E+03,2.696241875148E+03),.QUASI_UNIFORM_KNOTS.);
#88 = CARTESIAN_POINT('',(0.,0.));
#89 = CARTESIAN_POINT('',(147.19904713957,27.880616919392));
#90 = CARTESIAN_POINT('',(443.33971962643,74.425733930868));
#91 = CARTESIAN_POINT('',(891.03745288715,116.4426308041));
#92 = CARTESIAN_POINT('',(1.340484036816E+03,130.46283053875));
#93 = CARTESIAN_POINT('',(1.789930620744E+03,116.4426308041));
#94 = CARTESIAN_POINT('',(2.237628354005E+03,74.425733930869));
#95 = CARTESIAN_POINT('',(2.533769026492E+03,27.880616919393));
#96 = CARTESIAN_POINT('',(2.680968073631E+03,0.));
#97 = ( GEOMETRIC_REPRESENTATION_CONTEXT(2) 
PARAMETRIC_REPRESENTATION_CONTEXT() REPRESENTATION_CONTEXT('2D SPACE',''
  ) );
#98 = ORIENTED_EDGE('',*,*,#99,.T.);
#99 = EDGE_CURVE('',#42,#100,#102,.T.);
#100 = VERTEX_POINT('',#101);
#101 = CARTESIAN_POINT('',(806.00971668091,3.342117623407E+03,
    260.36940987254));
#102 = SURFACE_CURVE('',#103,(#106,#113),.PCURVE_S1.);
#103 = B_SPLINE_CURVE_WITH_KNOTS('',1,(#104,#105),.UNSPECIFIED.,.F.,.F.,
  (2,2),(0.,1.),.PIECEWISE_BEZIER_KNOTS.);
#104 = CARTESIAN_POINT('',(142.01900146693,3.348736306352E+03,
    274.89890450812));
#105 = CARTESIAN_POINT('',(806.00971668091,3.342117623407E+03,
    260.36940987254));
#106 = PCURVE('',#56,#107);
#107 = DEFINITIONAL_REPRESENTATION('',(#108),#112);
#108 = LINE('',#109,#110);
#109 = CARTESIAN_POINT('',(2.708904126575E+03,0.));
#110 = VECTOR('',#111,1.);
#111 = DIRECTION('',(0.,1.));
#112 = ( GEOMETRIC_REPRESENTATION_CONTEXT(2) 
PARAMETRIC_REPRESENTATION_CONTEXT() REPRESENTATION_CONTEXT('2D SPACE',''
  ) );
#113 = PCURVE('',#114,#119);
#114 = B_SPLINE_SURFACE_WITH_KNOTS('',1,1,(
    (#115,#116)
    ,(#117,#118)),.UNSPECIFIED.,.F.,.F.,.F.,(2,2),(2,2),(0.,3.),(0.,1.),
  .PIECEWISE_BEZIER_KNOTS.);
#115 = CARTESIAN_POINT('',(142.01900146693,3.348736306352E+03,
    274.89890450812));
#116 = CARTESIAN_POINT('',(806.00971668091,3.342117623407E+03,
    260.36940987254));
#117 = CARTESIAN_POINT('',(142.01900146693,3.348736306352E+03,
    271.89890450812));
#118 = CARTESIAN_POINT('',(806.00971668091,3.342117623407E+03,
    257.36940987254));
#119 = DEFINITIONAL_REPRESENTATION('',(#120),#124);
#120 = LINE('',#121,#122);
#121 = CARTESIAN_POINT('',(0.,0.));
#122 = VECTOR('',#123,1.);
#123 = DIRECTION('',(0.,1.));
#124 = ( GEOMETRIC_REPRESENTATION_CONTEXT(2) 
PARAMETRIC_REPRESENTATION_CONTEXT() REPRESENTATION_CONTEXT('2D SPACE',''
  ) );
#125 = ORIENTED_EDGE('',*,*,#126,.F.);
#126 = EDGE_CURVE('',#127,#100,#129,.T.);
#127 = VERTEX_POINT('',#128);
#128 = CARTESIAN_POINT('',(439.15337112434,683.72183834023,
    59.146374319631));
#129 = SURFACE_CURVE('',#130,(#140,#147),.PCURVE_S1.);
#130 = B_SPLINE_CURVE_WITH_KNOTS('',3,(#131,#132,#133,#134,#135,#136,
    #137,#138,#139),.UNSPECIFIED.,.F.,.F.,(4,1,1,1,1,1,4),(0.,
    451.48402109578,902.96804219156,1.354452063287E+03,
    1.805936084383E+03,2.257420105479E+03,2.708904126575E+03),
  .UNSPECIFIED.);
#131 = CARTESIAN_POINT('',(439.15337112434,683.72183834023,
    59.146374319631));
#132 = CARTESIAN_POINT('',(458.9496248616,827.17384110011,
    100.22030072455));
#133 = CARTESIAN_POINT('',(498.9202755638,1.116818031912E+03,
    172.60102144545));
#134 = CARTESIAN_POINT('',(559.73645091678,1.557517685007E+03,
    251.52871356942));
#135 = CARTESIAN_POINT('',(621.13972913173,2.002471733023E+03,
    300.41699838635));
#136 = CARTESIAN_POINT('',(682.85304496133,2.44967244434E+03,
    319.05894735342));
#137 = CARTESIAN_POINT('',(744.59821280318,2.897103968769E+03,
    307.35693039581));
#138 = CARTESIAN_POINT('',(785.59748204063,3.194201963261E+03,
    279.38872502615));
#139 = CARTESIAN_POINT('',(806.00971668091,3.342117623407E+03,
    260.36940987254));
#140 = PCURVE('',#56,#141);
#141 = DEFINITIONAL_REPRESENTATION('',(#142),#146);
#142 = LINE('',#143,#144);
#143 = CARTESIAN_POINT('',(0.,1.));
#144 = VECTOR('',#145,1.);
#145 = DIRECTION('',(1.,0.));
#146 = ( GEOMETRIC_REPRESENTATION_CONTEXT(2) 
PARAMETRIC_REPRESENTATION_CONTEXT() REPRESENTATION_CONTEXT('2D SPACE',''
  ) );
#147 = PCURVE('',#148,#167);
#148 = B_SPLINE_SURFACE_WITH_KNOTS('',3,1,(
    (#149,#150)
    ,(#151,#152)
    ,(#153,#154)
    ,(#155,#156)
    ,(#157,#158)
    ,(#159,#160)
    ,(#161,#162)
    ,(#163,#164)
    ,(#165,#166
    )),.UNSPECIFIED.,.F.,.F.,.F.,(4,1,1,1,1,1,4),(2,2),(0.,
    460.21202765697,920.42405531395,1.380636082971E+03,
    1.840848110628E+03,2.301060138285E+03,2.761272165942E+03),(0.,1.),
  .UNSPECIFIED.);
#149 = CARTESIAN_POINT('',(439.15337112434,683.72183834023,
    59.146374319631));
#150 = CARTESIAN_POINT('',(500.78849835292,666.52802564703,
    65.445021092287));
#151 = CARTESIAN_POINT('',(458.9496248616,827.17384110011,
    100.22030072455));
#152 = CARTESIAN_POINT('',(552.18944333878,802.45417404049,
    114.74252218664));
#153 = CARTESIAN_POINT('',(498.9202755638,1.116818031912E+03,
    172.60102144545));
#154 = CARTESIAN_POINT('',(656.50463617987,1.078308292787E+03,
    200.69074610922));
#155 = CARTESIAN_POINT('',(559.73645091678,1.557517685007E+03,
    251.52871356942));
#156 = CARTESIAN_POINT('',(816.32490032681,1.500941630495E+03,
    291.02905955772));
#157 = CARTESIAN_POINT('',(621.13972913173,2.002471733023E+03,
    300.41699838635));
#158 = CARTESIAN_POINT('',(978.30719649443,1.929292308329E+03,
    342.02272544372));
#159 = CARTESIAN_POINT('',(682.85304496133,2.44967244434E+03,
    319.05894735342));
#160 = CARTESIAN_POINT('',(1.141241613814E+03,2.360160802928E+03,
    353.32039985542));
#161 = CARTESIAN_POINT('',(744.59821280318,2.897103968769E+03,
    307.35693039581));
#162 = CARTESIAN_POINT('',(1.303912540605E+03,2.790332515535E+03,
    324.80841815223));
#163 = CARTESIAN_POINT('',(785.59748204063,3.194201963261E+03,
    279.38872502615));
#164 = CARTESIAN_POINT('',(1.411376890586E+03,3.074514356678E+03,
    279.46146533213));
#165 = CARTESIAN_POINT('',(806.00971668091,3.342117623407E+03,
    260.36940987254));
#166 = CARTESIAN_POINT('',(1.464661289564E+03,3.215421165386E+03,
    250.23369323088));
#167 = DEFINITIONAL_REPRESENTATION('',(#168),#171);
#168 = B_SPLINE_CURVE_WITH_KNOTS('',1,(#169,#170),.UNSPECIFIED.,.F.,.F.,
  (2,2),(0.,2.708904126575E+03),.PIECEWISE_BEZIER_KNOTS.);
#169 = CARTESIAN_POINT('',(0.,0.));
#170 = CARTESIAN_POINT('',(2.761272165942E+03,0.));
#171 = ( GEOMETRIC_REPRESENTATION_CONTEXT(2) 
PARAMETRIC_REPRESENTATION_CONTEXT() REPRESENTATION_CONTEXT('2D SPACE',''
  ) );
#172 = ORIENTED_EDGE('',*,*,#173,.F.);
#173 = EDGE_CURVE('',#40,#127,#174,.T.);
#174 = SURFACE_CURVE('',#175,(#178,#185),.PCURVE_S1.);
#175 = B_SPLINE_CURVE_WITH_KNOTS('',1,(#176,#177),.UNSPECIFIED.,.F.,.F.,
  (2,2),(0.,1.),.PIECEWISE_BEZIER_KNOTS.);
#176 = CARTESIAN_POINT('',(375.00732762866,685.66755239012,
    71.500125317495));
#177 = CARTESIAN_POINT('',(439.15337112434,683.72183834023,
    59.146374319631));
#178 = PCURVE('',#56,#179);
#179 = DEFINITIONAL_REPRESENTATION('',(#180),#184);
#180 = LINE('',#181,#182);
#181 = CARTESIAN_POINT('',(0.,0.));
#182 = VECTOR('',#183,1.);
#183 = DIRECTION('',(0.,1.));
#184 = ( GEOMETRIC_REPRESENTATION_CONTEXT(2) 
PARAMETRIC_REPRESENTATION_CONTEXT() REPRESENTATION_CONTEXT('2D SPACE',''
  ) );
#185 = PCURVE('',#186,#191);
#186 = B_SPLINE_SURFACE_WITH_KNOTS('',1,1,(
    (#187,#188)
    ,(#189,#190)),.UNSPECIFIED.,.F.,.F.,.F.,(2,2),(2,2),(0.,3.),(0.,1.),
  .PIECEWISE_BEZIER_KNOTS.);
#187 = CARTESIAN_POINT('',(375.00732762866,685.66755239012,
    68.500125317495));
#188 = CARTESIAN_POINT('',(439.15337112434,683.72183834023,
    56.146374319631));
#189 = CARTESIAN_POINT('',(375.00732762866,685.66755239012,
    71.500125317495));
#190 = CARTESIAN_POINT('',(439.15337112434,683.72183834023,
    59.146374319631));
#191 = DEFINITIONAL_REPRESENTATION('',(#192),#196);
#192 = LINE('',#193,#194);
#193 = CARTESIAN_POINT('',(3.,0.));
#194 = VECTOR('',#195,1.);
#195 = DIRECTION('',(0.,1.));
#196 = ( GEOMETRIC_REPRESENTATION_CONTEXT(2) 
PARAMETRIC_REPRESENTATION_CONTEXT() REPRESENTATION_CONTEXT('2D SPACE',''
  ) );
#197 = ADVANCED_FACE('',(#198),#114,.F.);
#198 = FACE_BOUND('',#199,.F.);
#199 = EDGE_LOOP('',(#200,#223,#264,#290));
#200 = ORIENTED_EDGE('',*,*,#201,.T.);
#201 = EDGE_CURVE('',#42,#202,#204,.T.);
#202 = VERTEX_POINT('',#203);
#203 = CARTESIAN_POINT('',(142.01900146693,3.348736306352E+03,
    271.89890450812));
#204 = SURFACE_CURVE('',#205,(#209,#216),.PCURVE_S1.);
#205 = LINE('',#206,#207);
#206 = CARTESIAN_POINT('',(142.01900146693,3.348736306352E+03,
    274.89890450812));
#207 = VECTOR('',#208,1.);
#208 = DIRECTION('',(0.,0.,-1.));
#209 = PCURVE('',#114,#210);
#210 = DEFINITIONAL_REPRESENTATION('',(#211),#215);
#211 = LINE('',#212,#213);
#212 = CARTESIAN_POINT('',(0.,0.));
#213 = VECTOR('',#214,1.);
#214 = DIRECTION('',(1.,0.));
#215 = ( GEOMETRIC_REPRESENTATION_CONTEXT(2) 
PARAMETRIC_REPRESENTATION_CONTEXT() REPRESENTATION_CONTEXT('2D SPACE',''
  ) );
#216 = PCURVE('',#81,#217);
#217 = DEFINITIONAL_REPRESENTATION('',(#218),#222);
#218 = LINE('',#219,#220);
#219 = CARTESIAN_POINT('',(2.680968073631E+03,7.371160802776E-15));
#220 = VECTOR('',#221,1.);
#221 = DIRECTION('',(-7.586766183125E-02,-0.997117895681));
#222 = ( GEOMETRIC_REPRESENTATION_CONTEXT(2) 
PARAMETRIC_REPRESENTATION_CONTEXT() REPRESENTATION_CONTEXT('2D SPACE',''
  ) );
#223 = ORIENTED_EDGE('',*,*,#224,.T.);
#224 = EDGE_CURVE('',#202,#225,#227,.T.);
#225 = VERTEX_POINT('',#226);
#226 = CARTESIAN_POINT('',(806.00971668091,3.342117623407E+03,
    257.36940987254));
#227 = SURFACE_CURVE('',#228,(#231,#238),.PCURVE_S1.);
#228 = B_SPLINE_CURVE_WITH_KNOTS('',1,(#229,#230),.UNSPECIFIED.,.F.,.F.,
  (2,2),(0.,1.),.PIECEWISE_BEZIER_KNOTS.);
#229 = CARTESIAN_POINT('',(142.01900146693,3.348736306352E+03,
    271.89890450812));
#230 = CARTESIAN_POINT('',(806.00971668091,3.342117623407E+03,
    257.36940987254));
#231 = PCURVE('',#114,#232);
#232 = DEFINITIONAL_REPRESENTATION('',(#233),#237);
#233 = LINE('',#234,#235);
#234 = CARTESIAN_POINT('',(3.,0.));
#235 = VECTOR('',#236,1.);
#236 = DIRECTION('',(0.,1.));
#237 = ( GEOMETRIC_REPRESENTATION_CONTEXT(2) 
PARAMETRIC_REPRESENTATION_CONTEXT() REPRESENTATION_CONTEXT('2D SPACE',''
  ) );
#238 = PCURVE('',#239,#258);
#239 = B_SPLINE_SURFACE_WITH_KNOTS('',3,1,(
    (#240,#241)
    ,(#242,#243)
    ,(#244,#245)
    ,(#246,#247)
    ,(#248,#249)
    ,(#250,#251)
    ,(#252,#253)
    ,(#254,#255)
    ,(#256,#257
    )),.UNSPECIFIED.,.F.,.F.,.F.,(4,1,1,1,1,1,4),(2,2),(0.,
    451.48402109578,902.96804219156,1.354452063287E+03,
    1.805936084383E+03,2.257420105479E+03,2.708904126575E+03),(0.,1.),
  .UNSPECIFIED.);
#240 = CARTESIAN_POINT('',(142.01900146693,3.348736306352E+03,
    271.89890450812));
#241 = CARTESIAN_POINT('',(806.00971668091,3.342117623407E+03,
    257.36940987254));
#242 = CARTESIAN_POINT('',(154.99562360819,3.200412836564E+03,
    288.53151905082));
#243 = CARTESIAN_POINT('',(785.59748204063,3.194201963261E+03,
    276.38872502615));
#244 = CARTESIAN_POINT('',(181.03936611551,2.902731497545E+03,
    312.47498778484));
#245 = CARTESIAN_POINT('',(744.59821280318,2.897103968769E+03,
    304.35693039581));
#246 = CARTESIAN_POINT('',(220.22416494976,2.454847197397E+03,
    320.4050073485));
#247 = CARTESIAN_POINT('',(682.85304496133,2.44967244434E+03,
    316.05894735342));
#248 = CARTESIAN_POINT('',(259.37582423755,2.007341683997E+03,
    300.28633796426));
#249 = CARTESIAN_POINT('',(621.13972913173,2.002471733023E+03,
    297.41699838635));
#250 = CARTESIAN_POINT('',(298.34207192414,1.561955434897E+03,
    252.20808446711));
#251 = CARTESIAN_POINT('',(559.73645091678,1.557517685007E+03,
    248.52871356942));
#252 = CARTESIAN_POINT('',(336.97121390086,1.120422321693E+03,
    176.34650444417));
#253 = CARTESIAN_POINT('',(498.9202755638,1.116818031912E+03,
    169.60102144545));
#254 = CARTESIAN_POINT('',(362.39941562871,829.77664597813,
    107.46803492072));
#255 = CARTESIAN_POINT('',(458.9496248616,827.17384110011,
    97.220300724553));
#256 = CARTESIAN_POINT('',(375.00732762866,685.66755239012,
    68.500125317495));
#257 = CARTESIAN_POINT('',(439.15337112434,683.72183834023,
    56.146374319631));
#258 = DEFINITIONAL_REPRESENTATION('',(#259),#263);
#259 = LINE('',#260,#261);
#260 = CARTESIAN_POINT('',(0.,0.));
#261 = VECTOR('',#262,1.);
#262 = DIRECTION('',(0.,1.));
#263 = ( GEOMETRIC_REPRESENTATION_CONTEXT(2) 
PARAMETRIC_REPRESENTATION_CONTEXT() REPRESENTATION_CONTEXT('2D SPACE',''
  ) );
#264 = ORIENTED_EDGE('',*,*,#265,.F.);
#265 = EDGE_CURVE('',#100,#225,#266,.T.);
#266 = SURFACE_CURVE('',#267,(#271,#278),.PCURVE_S1.);
#267 = LINE('',#268,#269);
#268 = CARTESIAN_POINT('',(806.00971668091,3.342117623407E+03,
    260.36940987254));
#269 = VECTOR('',#270,1.);
#270 = DIRECTION('',(0.,0.,-1.));
#271 = PCURVE('',#114,#272);
#272 = DEFINITIONAL_REPRESENTATION('',(#273),#277);
#273 = LINE('',#274,#275);
#274 = CARTESIAN_POINT('',(0.,1.));
#275 = VECTOR('',#276,1.);
#276 = DIRECTION('',(1.,0.));
#277 = ( GEOMETRIC_REPRESENTATION_CONTEXT(2) 
PARAMETRIC_REPRESENTATION_CONTEXT() REPRESENTATION_CONTEXT('2D SPACE',''
  ) );
#278 = PCURVE('',#279,#284);
#279 = B_SPLINE_SURFACE_WITH_KNOTS('',1,1,(
    (#280,#281)
    ,(#282,#283)),.UNSPECIFIED.,.F.,.F.,.F.,(2,2),(2,2),(0.,3.),(0.,1.),
  .PIECEWISE_BEZIER_KNOTS.);
#280 = CARTESIAN_POINT('',(806.00971668091,3.342117623407E+03,
    260.36940987254));
#281 = CARTESIAN_POINT('',(1.464661289564E+03,3.215421165386E+03,
    250.23369323088));
#282 = CARTESIAN_POINT('',(806.00971668091,3.342117623407E+03,
    257.36940987254));
#283 = CARTESIAN_POINT('',(1.464661289564E+03,3.215421165386E+03,
    247.23369323088));
#284 = DEFINITIONAL_REPRESENTATION('',(#285),#289);
#285 = LINE('',#286,#287);
#286 = CARTESIAN_POINT('',(0.,0.));
#287 = VECTOR('',#288,1.);
#288 = DIRECTION('',(1.,0.));
#289 = ( GEOMETRIC_REPRESENTATION_CONTEXT(2) 
PARAMETRIC_REPRESENTATION_CONTEXT() REPRESENTATION_CONTEXT('2D SPACE',''
  ) );
#290 = ORIENTED_EDGE('',*,*,#99,.F.);
#291 = ADVANCED_FACE('',(#292),#239,.F.);
#292 = FACE_BOUND('',#293,.F.);
#293 = EDGE_LOOP('',(#294,#328,#350,#395));
#294 = ORIENTED_EDGE('',*,*,#295,.T.);
#295 = EDGE_CURVE('',#202,#296,#298,.T.);
#296 = VERTEX_POINT('',#297);
#297 = CARTESIAN_POINT('',(375.00732762866,685.66755239012,
    68.500125317495));
#298 = SURFACE_CURVE('',#299,(#309,#315),.PCURVE_S1.);
#299 = B_SPLINE_CURVE_WITH_KNOTS('',3,(#300,#301,#302,#303,#304,#305,
    #306,#307,#308),.UNSPECIFIED.,.F.,.F.,(4,1,1,1,1,1,4),(0.,
    449.37364585801,898.74729171603,1.348120937574E+03,
    1.797494583432E+03,2.24686822929E+03,2.696241875148E+03),
  .QUASI_UNIFORM_KNOTS.);
#300 = CARTESIAN_POINT('',(142.01900146693,3.348736306352E+03,
    271.89890450812));
#301 = CARTESIAN_POINT('',(154.99562360819,3.200412836564E+03,
    288.53151905082));
#302 = CARTESIAN_POINT('',(181.03936611551,2.902731497545E+03,
    312.47498778484));
#303 = CARTESIAN_POINT('',(220.22416494976,2.454847197397E+03,
    320.4050073485));
#304 = CARTESIAN_POINT('',(259.37582423755,2.007341683997E+03,
    300.28633796426));
#305 = CARTESIAN_POINT('',(298.34207192414,1.561955434897E+03,
    252.20808446711));
#306 = CARTESIAN_POINT('',(336.97121390086,1.120422321693E+03,
    176.34650444417));
#307 = CARTESIAN_POINT('',(362.39941562871,829.77664597813,
    107.46803492072));
#308 = CARTESIAN_POINT('',(375.00732762866,685.66755239012,
    68.500125317495));
#309 = PCURVE('',#239,#310);
#310 = DEFINITIONAL_REPRESENTATION('',(#311),#314);
#311 = B_SPLINE_CURVE_WITH_KNOTS('',1,(#312,#313),.UNSPECIFIED.,.F.,.F.,
  (2,2),(0.,2.696241875148E+03),.PIECEWISE_BEZIER_KNOTS.);
#312 = CARTESIAN_POINT('',(0.,0.));
#313 = CARTESIAN_POINT('',(2.708904126575E+03,0.));
#314 = ( GEOMETRIC_REPRESENTATION_CONTEXT(2) 
PARAMETRIC_REPRESENTATION_CONTEXT() REPRESENTATION_CONTEXT('2D SPACE',''
  ) );
#315 = PCURVE('',#81,#316);
#316 = DEFINITIONAL_REPRESENTATION('',(#317),#327);
#317 = B_SPLINE_CURVE_WITH_KNOTS('',3,(#318,#319,#320,#321,#322,#323,
    #324,#325,#326),.UNSPECIFIED.,.F.,.F.,(4,1,1,1,1,1,4),(0.,
    449.37364585801,898.74729171603,1.348120937574E+03,
    1.797494583432E+03,2.24686822929E+03,2.696241875148E+03),
  .QUASI_UNIFORM_KNOTS.);
#318 = CARTESIAN_POINT('',(2.680740470646E+03,-2.991353687044));
#319 = CARTESIAN_POINT('',(2.533541423506E+03,24.889263232348));
#320 = CARTESIAN_POINT('',(2.237400751019E+03,71.434380243825));
#321 = CARTESIAN_POINT('',(1.789703017759E+03,113.45127711705));
#322 = CARTESIAN_POINT('',(1.34025643383E+03,127.47147685171));
#323 = CARTESIAN_POINT('',(890.80984990166,113.45127711705));
#324 = CARTESIAN_POINT('',(443.11211664094,71.434380243824));
#325 = CARTESIAN_POINT('',(146.97144415407,24.889263232347));
#326 = CARTESIAN_POINT('',(-0.227602985494,-2.991353687044));
#327 = ( GEOMETRIC_REPRESENTATION_CONTEXT(2) 
PARAMETRIC_REPRESENTATION_CONTEXT() REPRESENTATION_CONTEXT('2D SPACE',''
  ) );
#328 = ORIENTED_EDGE('',*,*,#329,.T.);
#329 = EDGE_CURVE('',#296,#330,#332,.T.);
#330 = VERTEX_POINT('',#331);
#331 = CARTESIAN_POINT('',(439.15337112434,683.72183834023,
    56.146374319631));
#332 = SURFACE_CURVE('',#333,(#336,#343),.PCURVE_S1.);
#333 = B_SPLINE_CURVE_WITH_KNOTS('',1,(#334,#335),.UNSPECIFIED.,.F.,.F.,
  (2,2),(0.,1.),.PIECEWISE_BEZIER_KNOTS.);
#334 = CARTESIAN_POINT('',(375.00732762866,685.66755239012,
    68.500125317495));
#335 = CARTESIAN_POINT('',(439.15337112434,683.72183834023,
    56.146374319631));
#336 = PCURVE('',#239,#337);
#337 = DEFINITIONAL_REPRESENTATION('',(#338),#342);
#338 = LINE('',#339,#340);
#339 = CARTESIAN_POINT('',(2.708904126575E+03,0.));
#340 = VECTOR('',#341,1.);
#341 = DIRECTION('',(0.,1.));
#342 = ( GEOMETRIC_REPRESENTATION_CONTEXT(2) 
PARAMETRIC_REPRESENTATION_CONTEXT() REPRESENTATION_CONTEXT('2D SPACE',''
  ) );
#343 = PCURVE('',#186,#344);
#344 = DEFINITIONAL_REPRESENTATION('',(#345),#349);
#345 = LINE('',#346,#347);
#346 = CARTESIAN_POINT('',(0.,0.));
#347 = VECTOR('',#348,1.);
#348 = DIRECTION('',(0.,1.));
#349 = ( GEOMETRIC_REPRESENTATION_CONTEXT(2) 
PARAMETRIC_REPRESENTATION_CONTEXT() REPRESENTATION_CONTEXT('2D SPACE',''
  ) );
#350 = ORIENTED_EDGE('',*,*,#351,.F.);
#351 = EDGE_CURVE('',#225,#330,#352,.T.);
#352 = SURFACE_CURVE('',#353,(#363,#370),.PCURVE_S1.);
#353 = B_SPLINE_CURVE_WITH_KNOTS('',3,(#354,#355,#356,#357,#358,#359,
    #360,#361,#362),.UNSPECIFIED.,.F.,.F.,(4,1,1,1,1,1,4),(0.,
    451.48402109578,902.96804219156,1.354452063287E+03,
    1.805936084383E+03,2.257420105479E+03,2.708904126575E+03),
  .UNSPECIFIED.);
#354 = CARTESIAN_POINT('',(806.00971668091,3.342117623407E+03,
    257.36940987254));
#355 = CARTESIAN_POINT('',(785.59748204063,3.194201963261E+03,
    276.38872502615));
#356 = CARTESIAN_POINT('',(744.59821280318,2.897103968769E+03,
    304.35693039581));
#357 = CARTESIAN_POINT('',(682.85304496133,2.44967244434E+03,
    316.05894735342));
#358 = CARTESIAN_POINT('',(621.13972913173,2.002471733023E+03,
    297.41699838635));
#359 = CARTESIAN_POINT('',(559.73645091678,1.557517685007E+03,
    248.52871356942));
#360 = CARTESIAN_POINT('',(498.9202755638,1.116818031912E+03,
    169.60102144545));
#361 = CARTESIAN_POINT('',(458.9496248616,827.17384110011,
    97.220300724553));
#362 = CARTESIAN_POINT('',(439.15337112434,683.72183834023,
    56.146374319631));
#363 = PCURVE('',#239,#364);
#364 = DEFINITIONAL_REPRESENTATION('',(#365),#369);
#365 = LINE('',#366,#367);
#366 = CARTESIAN_POINT('',(0.,1.));
#367 = VECTOR('',#368,1.);
#368 = DIRECTION('',(1.,0.));
#369 = ( GEOMETRIC_REPRESENTATION_CONTEXT(2) 
PARAMETRIC_REPRESENTATION_CONTEXT() REPRESENTATION_CONTEXT('2D SPACE',''
  ) );
#370 = PCURVE('',#371,#390);
#371 = B_SPLINE_SURFACE_WITH_KNOTS('',3,1,(
    (#372,#373)
    ,(#374,#375)
    ,(#376,#377)
    ,(#378,#379)
    ,(#380,#381)
    ,(#382,#383)
    ,(#384,#385)
    ,(#386,#387)
    ,(#388,#389
    )),.UNSPECIFIED.,.F.,.F.,.F.,(4,1,1,1,1,1,4),(2,2),(0.,
    460.21202765697,920.42405531395,1.380636082971E+03,
    1.840848110628E+03,2.301060138285E+03,2.761272165942E+03),(0.,1.),
  .UNSPECIFIED.);
#372 = CARTESIAN_POINT('',(806.00971668091,3.342117623407E+03,
    257.36940987254));
#373 = CARTESIAN_POINT('',(1.464661289564E+03,3.215421165386E+03,
    247.23369323088));
#374 = CARTESIAN_POINT('',(785.59748204063,3.194201963261E+03,
    276.38872502615));
#375 = CARTESIAN_POINT('',(1.411376890586E+03,3.074514356678E+03,
    276.46146533213));
#376 = CARTESIAN_POINT('',(744.59821280318,2.897103968769E+03,
    304.35693039581));
#377 = CARTESIAN_POINT('',(1.303912540605E+03,2.790332515535E+03,
    321.80841815223));
#378 = CARTESIAN_POINT('',(682.85304496133,2.44967244434E+03,
    316.05894735342));
#379 = CARTESIAN_POINT('',(1.141241613814E+03,2.360160802928E+03,
    350.32039985542));
#380 = CARTESIAN_POINT('',(621.13972913173,2.002471733023E+03,
    297.41699838635));
#381 = CARTESIAN_POINT('',(978.30719649443,1.929292308329E+03,
    339.02272544372));
#382 = CARTESIAN_POINT('',(559.73645091678,1.557517685007E+03,
    248.52871356942));
#383 = CARTESIAN_POINT('',(816.32490032681,1.500941630495E+03,
    288.02905955772));
#384 = CARTESIAN_POINT('',(498.9202755638,1.116818031912E+03,
    169.60102144545));
#385 = CARTESIAN_POINT('',(656.50463617987,1.078308292787E+03,
    197.69074610922));
#386 = CARTESIAN_POINT('',(458.9496248616,827.17384110011,
    97.220300724553));
#387 = CARTESIAN_POINT('',(552.18944333879,802.45417404049,
    111.74252218664));
#388 = CARTESIAN_POINT('',(439.15337112434,683.72183834023,
    56.146374319631));
#389 = CARTESIAN_POINT('',(500.78849835292,666.52802564703,
    62.445021092287));
#390 = DEFINITIONAL_REPRESENTATION('',(#391),#394);
#391 = B_SPLINE_CURVE_WITH_KNOTS('',1,(#392,#393),.UNSPECIFIED.,.F.,.F.,
  (2,2),(0.,2.708904126575E+03),.PIECEWISE_BEZIER_KNOTS.);
#392 = CARTESIAN_POINT('',(0.,0.));
#393 = CARTESIAN_POINT('',(2.761272165942E+03,0.));
#394 = ( GEOMETRIC_REPRESENTATION_CONTEXT(2) 
PARAMETRIC_REPRESENTATION_CONTEXT() REPRESENTATION_CONTEXT('2D SPACE',''
  ) );
#395 = ORIENTED_EDGE('',*,*,#224,.F.);
#396 = ADVANCED_FACE('',(#397),#186,.F.);
#397 = FACE_BOUND('',#398,.F.);
#398 = EDGE_LOOP('',(#399,#420,#421,#447));
#399 = ORIENTED_EDGE('',*,*,#400,.T.);
#400 = EDGE_CURVE('',#296,#40,#401,.T.);
#401 = SURFACE_CURVE('',#402,(#406,#413),.PCURVE_S1.);
#402 = LINE('',#403,#404);
#403 = CARTESIAN_POINT('',(375.00732762866,685.66755239012,
    68.500125317495));
#404 = VECTOR('',#405,1.);
#405 = DIRECTION('',(0.,0.,1.));
#406 = PCURVE('',#186,#407);
#407 = DEFINITIONAL_REPRESENTATION('',(#408),#412);
#408 = LINE('',#409,#410);
#409 = CARTESIAN_POINT('',(0.,0.));
#410 = VECTOR('',#411,1.);
#411 = DIRECTION('',(1.,0.));
#412 = ( GEOMETRIC_REPRESENTATION_CONTEXT(2) 
PARAMETRIC_REPRESENTATION_CONTEXT() REPRESENTATION_CONTEXT('2D SPACE',''
  ) );
#413 = PCURVE('',#81,#414);
#414 = DEFINITIONAL_REPRESENTATION('',(#415),#419);
#415 = LINE('',#416,#417);
#416 = CARTESIAN_POINT('',(-0.227602985494,-2.991353687044));
#417 = VECTOR('',#418,1.);
#418 = DIRECTION('',(7.586766183125E-02,0.997117895681));
#419 = ( GEOMETRIC_REPRESENTATION_CONTEXT(2) 
PARAMETRIC_REPRESENTATION_CONTEXT() REPRESENTATION_CONTEXT('2D SPACE',''
  ) );
#420 = ORIENTED_EDGE('',*,*,#173,.T.);
#421 = ORIENTED_EDGE('',*,*,#422,.F.);
#422 = EDGE_CURVE('',#330,#127,#423,.T.);
#423 = SURFACE_CURVE('',#424,(#428,#435),.PCURVE_S1.);
#424 = LINE('',#425,#426);
#425 = CARTESIAN_POINT('',(439.15337112434,683.72183834023,
    56.146374319631));
#426 = VECTOR('',#427,1.);
#427 = DIRECTION('',(0.,0.,1.));
#428 = PCURVE('',#186,#429);
#429 = DEFINITIONAL_REPRESENTATION('',(#430),#434);
#430 = LINE('',#431,#432);
#431 = CARTESIAN_POINT('',(0.,1.));
#432 = VECTOR('',#433,1.);
#433 = DIRECTION('',(1.,0.));
#434 = ( GEOMETRIC_REPRESENTATION_CONTEXT(2) 
PARAMETRIC_REPRESENTATION_CONTEXT() REPRESENTATION_CONTEXT('2D SPACE',''
  ) );
#435 = PCURVE('',#436,#441);
#436 = B_SPLINE_SURFACE_WITH_KNOTS('',1,1,(
    (#437,#438)
    ,(#439,#440)),.UNSPECIFIED.,.F.,.F.,.F.,(2,2),(2,2),(0.,3.),(0.,1.),
  .PIECEWISE_BEZIER_KNOTS.);
#437 = CARTESIAN_POINT('',(439.15337112434,683.72183834023,
    56.146374319631));
#438 = CARTESIAN_POINT('',(500.78849835292,666.52802564703,
    62.445021092287));
#439 = CARTESIAN_POINT('',(439.15337112434,683.72183834023,
    59.146374319631));
#440 = CARTESIAN_POINT('',(500.78849835292,666.52802564703,
    65.445021092287));
#441 = DEFINITIONAL_REPRESENTATION('',(#442),#446);
#442 = LINE('',#443,#444);
#443 = CARTESIAN_POINT('',(0.,0.));
#444 = VECTOR('',#445,1.);
#445 = DIRECTION('',(1.,0.));
#446 = ( GEOMETRIC_REPRESENTATION_CONTEXT(2) 
PARAMETRIC_REPRESENTATION_CONTEXT() REPRESENTATION_CONTEXT('2D SPACE',''
  ) );
#447 = ORIENTED_EDGE('',*,*,#329,.F.);
#448 = ADVANCED_FACE('',(#449),#148,.F.);
#449 = FACE_BOUND('',#450,.F.);
#450 = EDGE_LOOP('',(#451,#452,#474,#521));
#451 = ORIENTED_EDGE('',*,*,#126,.T.);
#452 = ORIENTED_EDGE('',*,*,#453,.T.);
#453 = EDGE_CURVE('',#100,#454,#456,.T.);
#454 = VERTEX_POINT('',#455);
#455 = CARTESIAN_POINT('',(1.464661289564E+03,3.215421165386E+03,
    250.23369323088));
#456 = SURFACE_CURVE('',#457,(#460,#467),.PCURVE_S1.);
#457 = B_SPLINE_CURVE_WITH_KNOTS('',1,(#458,#459),.UNSPECIFIED.,.F.,.F.,
  (2,2),(0.,1.),.PIECEWISE_BEZIER_KNOTS.);
#458 = CARTESIAN_POINT('',(806.00971668091,3.342117623407E+03,
    260.36940987254));
#459 = CARTESIAN_POINT('',(1.464661289564E+03,3.215421165386E+03,
    250.23369323088));
#460 = PCURVE('',#148,#461);
#461 = DEFINITIONAL_REPRESENTATION('',(#462),#466);
#462 = LINE('',#463,#464);
#463 = CARTESIAN_POINT('',(2.761272165942E+03,0.));
#464 = VECTOR('',#465,1.);
#465 = DIRECTION('',(0.,1.));
#466 = ( GEOMETRIC_REPRESENTATION_CONTEXT(2) 
PARAMETRIC_REPRESENTATION_CONTEXT() REPRESENTATION_CONTEXT('2D SPACE',''
  ) );
#467 = PCURVE('',#279,#468);
#468 = DEFINITIONAL_REPRESENTATION('',(#469),#473);
#469 = LINE('',#470,#471);
#470 = CARTESIAN_POINT('',(0.,0.));
#471 = VECTOR('',#472,1.);
#472 = DIRECTION('',(0.,1.));
#473 = ( GEOMETRIC_REPRESENTATION_CONTEXT(2) 
PARAMETRIC_REPRESENTATION_CONTEXT() REPRESENTATION_CONTEXT('2D SPACE',''
  ) );
#474 = ORIENTED_EDGE('',*,*,#475,.F.);
#475 = EDGE_CURVE('',#476,#454,#478,.T.);
#476 = VERTEX_POINT('',#477);
#477 = CARTESIAN_POINT('',(500.78849835292,666.52802564703,
    65.445021092287));
#478 = SURFACE_CURVE('',#479,(#489,#496),.PCURVE_S1.);
#479 = B_SPLINE_CURVE_WITH_KNOTS('',3,(#480,#481,#482,#483,#484,#485,
    #486,#487,#488),.UNSPECIFIED.,.F.,.F.,(4,1,1,1,1,1,4),(0.,
    460.21202765697,920.42405531395,1.380636082971E+03,
    1.840848110628E+03,2.301060138285E+03,2.761272165942E+03),
  .UNSPECIFIED.);
#480 = CARTESIAN_POINT('',(500.78849835292,666.52802564703,
    65.445021092287));
#481 = CARTESIAN_POINT('',(552.18944333878,802.45417404049,
    114.74252218664));
#482 = CARTESIAN_POINT('',(656.50463617987,1.078308292787E+03,
    200.69074610922));
#483 = CARTESIAN_POINT('',(816.32490032681,1.500941630495E+03,
    291.02905955772));
#484 = CARTESIAN_POINT('',(978.30719649443,1.929292308329E+03,
    342.02272544372));
#485 = CARTESIAN_POINT('',(1.141241613814E+03,2.360160802928E+03,
    353.32039985542));
#486 = CARTESIAN_POINT('',(1.303912540605E+03,2.790332515535E+03,
    324.80841815223));
#487 = CARTESIAN_POINT('',(1.411376890586E+03,3.074514356678E+03,
    279.46146533213));
#488 = CARTESIAN_POINT('',(1.464661289564E+03,3.215421165386E+03,
    250.23369323088));
#489 = PCURVE('',#148,#490);
#490 = DEFINITIONAL_REPRESENTATION('',(#491),#495);
#491 = LINE('',#492,#493);
#492 = CARTESIAN_POINT('',(0.,1.));
#493 = VECTOR('',#494,1.);
#494 = DIRECTION('',(1.,0.));
#495 = ( GEOMETRIC_REPRESENTATION_CONTEXT(2) 
PARAMETRIC_REPRESENTATION_CONTEXT() REPRESENTATION_CONTEXT('2D SPACE',''
  ) );
#496 = PCURVE('',#497,#516);
#497 = B_SPLINE_SURFACE_WITH_KNOTS('',3,1,(
    (#498,#499)
    ,(#500,#501)
    ,(#502,#503)
    ,(#504,#505)
    ,(#506,#507)
    ,(#508,#509)
    ,(#510,#511)
    ,(#512,#513)
    ,(#514,#515
    )),.UNSPECIFIED.,.F.,.F.,.F.,(4,1,1,1,1,1,4),(2,2),(0.,
    460.29052470281,920.58104940562,1.380871574108E+03,
    1.841162098811E+03,2.301452623514E+03,2.761743148217E+03),(0.,1.),
  .UNSPECIFIED.);
#498 = CARTESIAN_POINT('',(500.78849835292,666.52802564703,
    65.445021092287));
#499 = CARTESIAN_POINT('',(556.96765183242,636.5110969618,
    69.754899604381));
#500 = CARTESIAN_POINT('',(552.18944333878,802.45417404049,
    114.74252218664));
#501 = CARTESIAN_POINT('',(636.36921725342,756.14944995348,
    124.01825573356));
#502 = CARTESIAN_POINT('',(656.50463617987,1.078308292787E+03,
    200.69074610922));
#503 = CARTESIAN_POINT('',(798.23112760614,1.000034973671E+03,
    217.84791350039));
#504 = CARTESIAN_POINT('',(816.32490032681,1.500941630495E+03,
    291.02905955772));
#505 = CARTESIAN_POINT('',(1.047641633893E+03,1.37583439315E+03,
    313.56834952943));
#506 = CARTESIAN_POINT('',(978.30719649443,1.929292308329E+03,
    342.02272544372));
#507 = CARTESIAN_POINT('',(1.301129402289E+03,1.757777229587E+03,
    363.14345091764));
#508 = CARTESIAN_POINT('',(1.141241613814E+03,2.360160802928E+03,
    353.32039985542));
#509 = CARTESIAN_POINT('',(1.556089937201E+03,2.141939157795E+03,
    366.11132270079));
#510 = CARTESIAN_POINT('',(1.303912540605E+03,2.790332515535E+03,
    324.80841815223));
#511 = CARTESIAN_POINT('',(1.809906601271E+03,2.524377557972E+03,
    322.39430872874));
#512 = CARTESIAN_POINT('',(1.411376890586E+03,3.074514356678E+03,
    279.46146533213));
#513 = CARTESIAN_POINT('',(1.976625480139E+03,2.775581321709E+03,
    262.52014157973));
#514 = CARTESIAN_POINT('',(1.464661289564E+03,3.215421165386E+03,
    250.23369323088));
#515 = CARTESIAN_POINT('',(2.058928394104E+03,2.899591283237E+03,
    224.96730265898));
#516 = DEFINITIONAL_REPRESENTATION('',(#517),#520);
#517 = B_SPLINE_CURVE_WITH_KNOTS('',1,(#518,#519),.UNSPECIFIED.,.F.,.F.,
  (2,2),(0.,2.761272165942E+03),.PIECEWISE_BEZIER_KNOTS.);
#518 = CARTESIAN_POINT('',(0.,0.));
#519 = CARTESIAN_POINT('',(2.761743148217E+03,0.));
#520 = ( GEOMETRIC_REPRESENTATION_CONTEXT(2) 
PARAMETRIC_REPRESENTATION_CONTEXT() REPRESENTATION_CONTEXT('2D SPACE',''
  ) );
#521 = ORIENTED_EDGE('',*,*,#522,.F.);
#522 = EDGE_CURVE('',#127,#476,#523,.T.);
#523 = SURFACE_CURVE('',#524,(#527,#534),.PCURVE_S1.);
#524 = B_SPLINE_CURVE_WITH_KNOTS('',1,(#525,#526),.UNSPECIFIED.,.F.,.F.,
  (2,2),(0.,1.),.PIECEWISE_BEZIER_KNOTS.);
#525 = CARTESIAN_POINT('',(439.15337112434,683.72183834023,
    59.146374319631));
#526 = CARTESIAN_POINT('',(500.78849835292,666.52802564703,
    65.445021092287));
#527 = PCURVE('',#148,#528);
#528 = DEFINITIONAL_REPRESENTATION('',(#529),#533);
#529 = LINE('',#530,#531);
#530 = CARTESIAN_POINT('',(0.,0.));
#531 = VECTOR('',#532,1.);
#532 = DIRECTION('',(0.,1.));
#533 = ( GEOMETRIC_REPRESENTATION_CONTEXT(2) 
PARAMETRIC_REPRESENTATION_CONTEXT() REPRESENTATION_CONTEXT('2D SPACE',''
  ) );
#534 = PCURVE('',#436,#535);
#535 = DEFINITIONAL_REPRESENTATION('',(#536),#540);
#536 = LINE('',#537,#538);
#537 = CARTESIAN_POINT('',(3.,0.));
#538 = VECTOR('',#539,1.);
#539 = DIRECTION('',(0.,1.));
#540 = ( GEOMETRIC_REPRESENTATION_CONTEXT(2) 
PARAMETRIC_REPRESENTATION_CONTEXT() REPRESENTATION_CONTEXT('2D SPACE',''
  ) );
#541 = ADVANCED_FACE('',(#542),#279,.F.);
#542 = FACE_BOUND('',#543,.F.);
#543 = EDGE_LOOP('',(#544,#545,#567,#593));
#544 = ORIENTED_EDGE('',*,*,#265,.T.);
#545 = ORIENTED_EDGE('',*,*,#546,.T.);
#546 = EDGE_CURVE('',#225,#547,#549,.T.);
#547 = VERTEX_POINT('',#548);
#548 = CARTESIAN_POINT('',(1.464661289564E+03,3.215421165386E+03,
    247.23369323088));
#549 = SURFACE_CURVE('',#550,(#553,#560),.PCURVE_S1.);
#550 = B_SPLINE_CURVE_WITH_KNOTS('',1,(#551,#552),.UNSPECIFIED.,.F.,.F.,
  (2,2),(0.,1.),.PIECEWISE_BEZIER_KNOTS.);
#551 = CARTESIAN_POINT('',(806.00971668091,3.342117623407E+03,
    257.36940987254));
#552 = CARTESIAN_POINT('',(1.464661289564E+03,3.215421165386E+03,
    247.23369323088));
#553 = PCURVE('',#279,#554);
#554 = DEFINITIONAL_REPRESENTATION('',(#555),#559);
#555 = LINE('',#556,#557);
#556 = CARTESIAN_POINT('',(3.,0.));
#557 = VECTOR('',#558,1.);
#558 = DIRECTION('',(0.,1.));
#559 = ( GEOMETRIC_REPRESENTATION_CONTEXT(2) 
PARAMETRIC_REPRESENTATION_CONTEXT() REPRESENTATION_CONTEXT('2D SPACE',''
  ) );
#560 = PCURVE('',#371,#561);
#561 = DEFINITIONAL_REPRESENTATION('',(#562),#566);
#562 = LINE('',#563,#564);
#563 = CARTESIAN_POINT('',(0.,0.));
#564 = VECTOR('',#565,1.);
#565 = DIRECTION('',(0.,1.));
#566 = ( GEOMETRIC_REPRESENTATION_CONTEXT(2) 
PARAMETRIC_REPRESENTATION_CONTEXT() REPRESENTATION_CONTEXT('2D SPACE',''
  ) );
#567 = ORIENTED_EDGE('',*,*,#568,.F.);
#568 = EDGE_CURVE('',#454,#547,#569,.T.);
#569 = SURFACE_CURVE('',#570,(#574,#581),.PCURVE_S1.);
#570 = LINE('',#571,#572);
#571 = CARTESIAN_POINT('',(1.464661289564E+03,3.215421165386E+03,
    250.23369323088));
#572 = VECTOR('',#573,1.);
#573 = DIRECTION('',(0.,0.,-1.));
#574 = PCURVE('',#279,#575);
#575 = DEFINITIONAL_REPRESENTATION('',(#576),#580);
#576 = LINE('',#577,#578);
#577 = CARTESIAN_POINT('',(0.,1.));
#578 = VECTOR('',#579,1.);
#579 = DIRECTION('',(1.,0.));
#580 = ( GEOMETRIC_REPRESENTATION_CONTEXT(2) 
PARAMETRIC_REPRESENTATION_CONTEXT() REPRESENTATION_CONTEXT('2D SPACE',''
  ) );
#581 = PCURVE('',#582,#587);
#582 = B_SPLINE_SURFACE_WITH_KNOTS('',1,1,(
    (#583,#584)
    ,(#585,#586)),.UNSPECIFIED.,.F.,.F.,.F.,(2,2),(2,2),(0.,3.),(0.,1.),
  .PIECEWISE_BEZIER_KNOTS.);
#583 = CARTESIAN_POINT('',(1.464661289564E+03,3.215421165386E+03,
    250.23369323088));
#584 = CARTESIAN_POINT('',(2.058928394104E+03,2.899591283237E+03,
    224.96730265898));
#585 = CARTESIAN_POINT('',(1.464661289564E+03,3.215421165386E+03,
    247.23369323088));
#586 = CARTESIAN_POINT('',(2.058928394104E+03,2.899591283237E+03,
    221.96730265898));
#587 = DEFINITIONAL_REPRESENTATION('',(#588),#592);
#588 = LINE('',#589,#590);
#589 = CARTESIAN_POINT('',(0.,0.));
#590 = VECTOR('',#591,1.);
#591 = DIRECTION('',(1.,0.));
#592 = ( GEOMETRIC_REPRESENTATION_CONTEXT(2) 
PARAMETRIC_REPRESENTATION_CONTEXT() REPRESENTATION_CONTEXT('2D SPACE',''
  ) );
#593 = ORIENTED_EDGE('',*,*,#453,.F.);
#594 = ADVANCED_FACE('',(#595),#371,.F.);
#595 = FACE_BOUND('',#596,.F.);
#596 = EDGE_LOOP('',(#597,#598,#620,#665));
#597 = ORIENTED_EDGE('',*,*,#351,.T.);
#598 = ORIENTED_EDGE('',*,*,#599,.T.);
#599 = EDGE_CURVE('',#330,#600,#602,.T.);
#600 = VERTEX_POINT('',#601);
#601 = CARTESIAN_POINT('',(500.78849835292,666.52802564703,
    62.445021092287));
#602 = SURFACE_CURVE('',#603,(#606,#613),.PCURVE_S1.);
#603 = B_SPLINE_CURVE_WITH_KNOTS('',1,(#604,#605),.UNSPECIFIED.,.F.,.F.,
  (2,2),(0.,1.),.PIECEWISE_BEZIER_KNOTS.);
#604 = CARTESIAN_POINT('',(439.15337112434,683.72183834023,
    56.146374319631));
#605 = CARTESIAN_POINT('',(500.78849835292,666.52802564703,
    62.445021092287));
#606 = PCURVE('',#371,#607);
#607 = DEFINITIONAL_REPRESENTATION('',(#608),#612);
#608 = LINE('',#609,#610);
#609 = CARTESIAN_POINT('',(2.761272165942E+03,0.));
#610 = VECTOR('',#611,1.);
#611 = DIRECTION('',(0.,1.));
#612 = ( GEOMETRIC_REPRESENTATION_CONTEXT(2) 
PARAMETRIC_REPRESENTATION_CONTEXT() REPRESENTATION_CONTEXT('2D SPACE',''
  ) );
#613 = PCURVE('',#436,#614);
#614 = DEFINITIONAL_REPRESENTATION('',(#615),#619);
#615 = LINE('',#616,#617);
#616 = CARTESIAN_POINT('',(0.,0.));
#617 = VECTOR('',#618,1.);
#618 = DIRECTION('',(0.,1.));
#619 = ( GEOMETRIC_REPRESENTATION_CONTEXT(2) 
PARAMETRIC_REPRESENTATION_CONTEXT() REPRESENTATION_CONTEXT('2D SPACE',''
  ) );
#620 = ORIENTED_EDGE('',*,*,#621,.F.);
#621 = EDGE_CURVE('',#547,#600,#622,.T.);
#622 = SURFACE_CURVE('',#623,(#633,#640),.PCURVE_S1.);
#623 = B_SPLINE_CURVE_WITH_KNOTS('',3,(#624,#625,#626,#627,#628,#629,
    #630,#631,#632),.UNSPECIFIED.,.F.,.F.,(4,1,1,1,1,1,4),(0.,
    460.21202765697,920.42405531395,1.380636082971E+03,
    1.840848110628E+03,2.301060138285E+03,2.761272165942E+03),
  .UNSPECIFIED.);
#624 = CARTESIAN_POINT('',(1.464661289564E+03,3.215421165386E+03,
    247.23369323088));
#625 = CARTESIAN_POINT('',(1.411376890586E+03,3.074514356678E+03,
    276.46146533213));
#626 = CARTESIAN_POINT('',(1.303912540605E+03,2.790332515535E+03,
    321.80841815223));
#627 = CARTESIAN_POINT('',(1.141241613814E+03,2.360160802928E+03,
    350.32039985542));
#628 = CARTESIAN_POINT('',(978.30719649443,1.929292308329E+03,
    339.02272544372));
#629 = CARTESIAN_POINT('',(816.32490032681,1.500941630495E+03,
    288.02905955772));
#630 = CARTESIAN_POINT('',(656.50463617987,1.078308292787E+03,
    197.69074610922));
#631 = CARTESIAN_POINT('',(552.18944333879,802.45417404049,
    111.74252218664));
#632 = CARTESIAN_POINT('',(500.78849835292,666.52802564703,
    62.445021092287));
#633 = PCURVE('',#371,#634);
#634 = DEFINITIONAL_REPRESENTATION('',(#635),#639);
#635 = LINE('',#636,#637);
#636 = CARTESIAN_POINT('',(0.,1.));
#637 = VECTOR('',#638,1.);
#638 = DIRECTION('',(1.,0.));
#639 = ( GEOMETRIC_REPRESENTATION_CONTEXT(2) 
PARAMETRIC_REPRESENTATION_CONTEXT() REPRESENTATION_CONTEXT('2D SPACE',''
  ) );
#640 = PCURVE('',#641,#660);
#641 = B_SPLINE_SURFACE_WITH_KNOTS('',3,1,(
    (#642,#643)
    ,(#644,#645)
    ,(#646,#647)
    ,(#648,#649)
    ,(#650,#651)
    ,(#652,#653)
    ,(#654,#655)
    ,(#656,#657)
    ,(#658,#659
    )),.UNSPECIFIED.,.F.,.F.,.F.,(4,1,1,1,1,1,4),(2,2),(0.,
    460.29052470281,920.58104940562,1.380871574108E+03,
    1.841162098811E+03,2.301452623514E+03,2.761743148217E+03),(0.,1.),
  .UNSPECIFIED.);
#642 = CARTESIAN_POINT('',(1.464661289564E+03,3.215421165386E+03,
    247.23369323088));
#643 = CARTESIAN_POINT('',(2.058928394104E+03,2.899591283237E+03,
    221.96730265898));
#644 = CARTESIAN_POINT('',(1.411376890586E+03,3.074514356678E+03,
    276.46146533213));
#645 = CARTESIAN_POINT('',(1.976625480139E+03,2.775581321709E+03,
    259.52014157973));
#646 = CARTESIAN_POINT('',(1.303912540605E+03,2.790332515535E+03,
    321.80841815223));
#647 = CARTESIAN_POINT('',(1.809906601271E+03,2.524377557972E+03,
    319.39430872874));
#648 = CARTESIAN_POINT('',(1.141241613814E+03,2.360160802928E+03,
    350.32039985542));
#649 = CARTESIAN_POINT('',(1.556089937201E+03,2.141939157795E+03,
    363.11132270079));
#650 = CARTESIAN_POINT('',(978.30719649443,1.929292308329E+03,
    339.02272544372));
#651 = CARTESIAN_POINT('',(1.301129402289E+03,1.757777229587E+03,
    360.14345091764));
#652 = CARTESIAN_POINT('',(816.32490032681,1.500941630495E+03,
    288.02905955772));
#653 = CARTESIAN_POINT('',(1.047641633893E+03,1.37583439315E+03,
    310.56834952943));
#654 = CARTESIAN_POINT('',(656.50463617987,1.078308292787E+03,
    197.69074610922));
#655 = CARTESIAN_POINT('',(798.23112760614,1.000034973671E+03,
    214.84791350039));
#656 = CARTESIAN_POINT('',(552.18944333879,802.45417404049,
    111.74252218664));
#657 = CARTESIAN_POINT('',(636.36921725342,756.14944995348,
    121.01825573356));
#658 = CARTESIAN_POINT('',(500.78849835292,666.52802564703,
    62.445021092287));
#659 = CARTESIAN_POINT('',(556.96765183242,636.5110969618,
    66.754899604381));
#660 = DEFINITIONAL_REPRESENTATION('',(#661),#664);
#661 = B_SPLINE_CURVE_WITH_KNOTS('',1,(#662,#663),.UNSPECIFIED.,.F.,.F.,
  (2,2),(0.,2.761272165942E+03),.PIECEWISE_BEZIER_KNOTS.);
#662 = CARTESIAN_POINT('',(0.,0.));
#663 = CARTESIAN_POINT('',(2.761743148217E+03,0.));
#664 = ( GEOMETRIC_REPRESENTATION_CONTEXT(2) 
PARAMETRIC_REPRESENTATION_CONTEXT() REPRESENTATION_CONTEXT('2D SPACE',''
  ) );
#665 = ORIENTED_EDGE('',*,*,#546,.F.);
#666 = ADVANCED_FACE('',(#667),#436,.F.);
#667 = FACE_BOUND('',#668,.F.);
#668 = EDGE_LOOP('',(#669,#670,#671,#697));
#669 = ORIENTED_EDGE('',*,*,#422,.T.);
#670 = ORIENTED_EDGE('',*,*,#522,.T.);
#671 = ORIENTED_EDGE('',*,*,#672,.F.);
#672 = EDGE_CURVE('',#600,#476,#673,.T.);
#673 = SURFACE_CURVE('',#674,(#678,#685),.PCURVE_S1.);
#674 = LINE('',#675,#676);
#675 = CARTESIAN_POINT('',(500.78849835292,666.52802564703,
    62.445021092287));
#676 = VECTOR('',#677,1.);
#677 = DIRECTION('',(0.,0.,1.));
#678 = PCURVE('',#436,#679);
#679 = DEFINITIONAL_REPRESENTATION('',(#680),#684);
#680 = LINE('',#681,#682);
#681 = CARTESIAN_POINT('',(0.,1.));
#682 = VECTOR('',#683,1.);
#683 = DIRECTION('',(1.,0.));
#684 = ( GEOMETRIC_REPRESENTATION_CONTEXT(2) 
PARAMETRIC_REPRESENTATION_CONTEXT() REPRESENTATION_CONTEXT('2D SPACE',''
  ) );
#685 = PCURVE('',#686,#691);
#686 = B_SPLINE_SURFACE_WITH_KNOTS('',1,1,(
    (#687,#688)
    ,(#689,#690)),.UNSPECIFIED.,.F.,.F.,.F.,(2,2),(2,2),(0.,3.),(0.,1.),
  .PIECEWISE_BEZIER_KNOTS.);
#687 = CARTESIAN_POINT('',(500.78849835292,666.52802564703,
    62.445021092287));
#688 = CARTESIAN_POINT('',(556.96765183242,636.5110969618,
    66.754899604381));
#689 = CARTESIAN_POINT('',(500.78849835292,666.52802564703,
    65.445021092287));
#690 = CARTESIAN_POINT('',(556.96765183242,636.5110969618,
    69.754899604381));
#691 = DEFINITIONAL_REPRESENTATION('',(#692),#696);
#692 = LINE('',#693,#694);
#693 = CARTESIAN_POINT('',(0.,0.));
#694 = VECTOR('',#695,1.);
#695 = DIRECTION('',(1.,0.));
#696 = ( GEOMETRIC_REPRESENTATION_CONTEXT(2) 
PARAMETRIC_REPRESENTATION_CONTEXT() REPRESENTATION_CONTEXT('2D SPACE',''
  ) );
#697 = ORIENTED_EDGE('',*,*,#599,.F.);
#698 = ADVANCED_FACE('',(#699),#497,.F.);
#699 = FACE_BOUND('',#700,.F.);
#700 = EDGE_LOOP('',(#701,#702,#724,#772));
#701 = ORIENTED_EDGE('',*,*,#475,.T.);
#702 = ORIENTED_EDGE('',*,*,#703,.T.);
#703 = EDGE_CURVE('',#454,#704,#706,.T.);
#704 = VERTEX_POINT('',#705);
#705 = CARTESIAN_POINT('',(2.058928394104E+03,2.899591283237E+03,
    224.96730265898));
#706 = SURFACE_CURVE('',#707,(#710,#717),.PCURVE_S1.);
#707 = B_SPLINE_CURVE_WITH_KNOTS('',1,(#708,#709),.UNSPECIFIED.,.F.,.F.,
  (2,2),(0.,1.),.PIECEWISE_BEZIER_KNOTS.);
#708 = CARTESIAN_POINT('',(1.464661289564E+03,3.215421165386E+03,
    250.23369323088));
#709 = CARTESIAN_POINT('',(2.058928394104E+03,2.899591283237E+03,
    224.96730265898));
#710 = PCURVE('',#497,#711);
#711 = DEFINITIONAL_REPRESENTATION('',(#712),#716);
#712 = LINE('',#713,#714);
#713 = CARTESIAN_POINT('',(2.761743148217E+03,0.));
#714 = VECTOR('',#715,1.);
#715 = DIRECTION('',(0.,1.));
#716 = ( GEOMETRIC_REPRESENTATION_CONTEXT(2) 
PARAMETRIC_REPRESENTATION_CONTEXT() REPRESENTATION_CONTEXT('2D SPACE',''
  ) );
#717 = PCURVE('',#582,#718);
#718 = DEFINITIONAL_REPRESENTATION('',(#719),#723);
#719 = LINE('',#720,#721);
#720 = CARTESIAN_POINT('',(0.,0.));
#721 = VECTOR('',#722,1.);
#722 = DIRECTION('',(0.,1.));
#723 = ( GEOMETRIC_REPRESENTATION_CONTEXT(2) 
PARAMETRIC_REPRESENTATION_CONTEXT() REPRESENTATION_CONTEXT('2D SPACE',''
  ) );
#724 = ORIENTED_EDGE('',*,*,#725,.F.);
#725 = EDGE_CURVE('',#726,#704,#728,.T.);
#726 = VERTEX_POINT('',#727);
#727 = CARTESIAN_POINT('',(556.96765183242,636.5110969618,
    69.754899604381));
#728 = SURFACE_CURVE('',#729,(#739,#746),.PCURVE_S1.);
#729 = B_SPLINE_CURVE_WITH_KNOTS('',3,(#730,#731,#732,#733,#734,#735,
    #736,#737,#738),.UNSPECIFIED.,.F.,.F.,(4,1,1,1,1,1,4),(0.,
    460.29052470281,920.58104940562,1.380871574108E+03,
    1.841162098811E+03,2.301452623514E+03,2.761743148217E+03),
  .UNSPECIFIED.);
#730 = CARTESIAN_POINT('',(556.96765183242,636.5110969618,
    69.754899604381));
#731 = CARTESIAN_POINT('',(636.36921725342,756.14944995348,
    124.01825573356));
#732 = CARTESIAN_POINT('',(798.23112760614,1.000034973671E+03,
    217.84791350039));
#733 = CARTESIAN_POINT('',(1.047641633893E+03,1.37583439315E+03,
    313.56834952943));
#734 = CARTESIAN_POINT('',(1.301129402289E+03,1.757777229587E+03,
    363.14345091764));
#735 = CARTESIAN_POINT('',(1.556089937201E+03,2.141939157795E+03,
    366.11132270079));
#736 = CARTESIAN_POINT('',(1.809906601271E+03,2.524377557972E+03,
    322.39430872874));
#737 = CARTESIAN_POINT('',(1.976625480139E+03,2.775581321709E+03,
    262.52014157973));
#738 = CARTESIAN_POINT('',(2.058928394104E+03,2.899591283237E+03,
    224.96730265898));
#739 = PCURVE('',#497,#740);
#740 = DEFINITIONAL_REPRESENTATION('',(#741),#745);
#741 = LINE('',#742,#743);
#742 = CARTESIAN_POINT('',(0.,1.));
#743 = VECTOR('',#744,1.);
#744 = DIRECTION('',(1.,0.));
#745 = ( GEOMETRIC_REPRESENTATION_CONTEXT(2) 
PARAMETRIC_REPRESENTATION_CONTEXT() REPRESENTATION_CONTEXT('2D SPACE',''
  ) );
#746 = PCURVE('',#747,#766);
#747 = B_SPLINE_SURFACE_WITH_KNOTS('',3,1,(
    (#748,#749)
    ,(#750,#751)
    ,(#752,#753)
    ,(#754,#755)
    ,(#756,#757)
    ,(#758,#759)
    ,(#760,#761)
    ,(#762,#763)
    ,(#764,#765
    )),.UNSPECIFIED.,.F.,.F.,.F.,(4,1,1,1,1,1,4),(2,2),(0.,
    460.29052470281,920.58104940562,1.380871574108E+03,
    1.841162098811E+03,2.301452623514E+03,2.761743148217E+03),(0.,1.),
  .UNSPECIFIED.);
#748 = CARTESIAN_POINT('',(556.96765183242,636.5110969618,
    69.754899604381));
#749 = CARTESIAN_POINT('',(605.29681498322,595.30639465206,
    71.901042200021));
#750 = CARTESIAN_POINT('',(636.36921725342,756.14944995348,
    124.01825573356));
#751 = CARTESIAN_POINT('',(705.91013500897,691.02353858247,
    126.95059569766));
#752 = CARTESIAN_POINT('',(798.23112760614,1.000034973671E+03,
    217.84791350039));
#753 = CARTESIAN_POINT('',(911.60612524158,886.70968329933,
    221.40701071085));
#754 = CARTESIAN_POINT('',(1.047641633893E+03,1.37583439315E+03,
    313.56834952943));
#755 = CARTESIAN_POINT('',(1.229625086018E+03,1.189252792238E+03,
    315.06854619014));
#756 = CARTESIAN_POINT('',(1.301129402289E+03,1.757777229587E+03,
    363.14345091764));
#757 = CARTESIAN_POINT('',(1.553216460113E+03,1.497097142479E+03,
    359.36916110563));
#758 = CARTESIAN_POINT('',(1.556089937201E+03,2.141939157795E+03,
    366.11132270079));
#759 = CARTESIAN_POINT('',(1.878370889897E+03,1.806428484961E+03,
    353.82090043583));
#760 = CARTESIAN_POINT('',(1.809906601271E+03,2.524377557972E+03,
    322.39430872874));
#761 = CARTESIAN_POINT('',(2.201063465563E+03,2.113417775271E+03,
    298.43179813627));
#762 = CARTESIAN_POINT('',(1.976625480139E+03,2.775581321709E+03,
    262.52014157973));
#763 = CARTESIAN_POINT('',(2.411902805701E+03,2.313996977517E+03,
    228.85681523696));
#764 = CARTESIAN_POINT('',(2.058928394104E+03,2.899591283237E+03,
    224.96730265898));
#765 = CARTESIAN_POINT('',(2.515585729709E+03,2.412634348373E+03,
    186.01074786985));
#766 = DEFINITIONAL_REPRESENTATION('',(#767),#771);
#767 = LINE('',#768,#769);
#768 = CARTESIAN_POINT('',(0.,0.));
#769 = VECTOR('',#770,1.);
#770 = DIRECTION('',(1.,0.));
#771 = ( GEOMETRIC_REPRESENTATION_CONTEXT(2) 
PARAMETRIC_REPRESENTATION_CONTEXT() REPRESENTATION_CONTEXT('2D SPACE',''
  ) );
#772 = ORIENTED_EDGE('',*,*,#773,.F.);
#773 = EDGE_CURVE('',#476,#726,#774,.T.);
#774 = SURFACE_CURVE('',#775,(#778,#785),.PCURVE_S1.);
#775 = B_SPLINE_CURVE_WITH_KNOTS('',1,(#776,#777),.UNSPECIFIED.,.F.,.F.,
  (2,2),(0.,1.),.PIECEWISE_BEZIER_KNOTS.);
#776 = CARTESIAN_POINT('',(500.78849835292,666.52802564703,
    65.445021092287));
#777 = CARTESIAN_POINT('',(556.96765183242,636.5110969618,
    69.754899604381));
#778 = PCURVE('',#497,#779);
#779 = DEFINITIONAL_REPRESENTATION('',(#780),#784);
#780 = LINE('',#781,#782);
#781 = CARTESIAN_POINT('',(0.,0.));
#782 = VECTOR('',#783,1.);
#783 = DIRECTION('',(0.,1.));
#784 = ( GEOMETRIC_REPRESENTATION_CONTEXT(2) 
PARAMETRIC_REPRESENTATION_CONTEXT() REPRESENTATION_CONTEXT('2D SPACE',''
  ) );
#785 = PCURVE('',#686,#786);
#786 = DEFINITIONAL_REPRESENTATION('',(#787),#791);
#787 = LINE('',#788,#789);
#788 = CARTESIAN_POINT('',(3.,0.));
#789 = VECTOR('',#790,1.);
#790 = DIRECTION('',(0.,1.));
#791 = ( GEOMETRIC_REPRESENTATION_CONTEXT(2) 
PARAMETRIC_REPRESENTATION_CONTEXT() REPRESENTATION_CONTEXT('2D SPACE',''
  ) );
#792 = ADVANCED_FACE('',(#793),#582,.F.);
#793 = FACE_BOUND('',#794,.F.);
#794 = EDGE_LOOP('',(#795,#796,#818,#844));
#795 = ORIENTED_EDGE('',*,*,#568,.T.);
#796 = ORIENTED_EDGE('',*,*,#797,.T.);
#797 = EDGE_CURVE('',#547,#798,#800,.T.);
#798 = VERTEX_POINT('',#799);
#799 = CARTESIAN_POINT('',(2.058928394104E+03,2.899591283237E+03,
    221.96730265898));
#800 = SURFACE_CURVE('',#801,(#804,#811),.PCURVE_S1.);
#801 = B_SPLINE_CURVE_WITH_KNOTS('',1,(#802,#803),.UNSPECIFIED.,.F.,.F.,
  (2,2),(0.,1.),.PIECEWISE_BEZIER_KNOTS.);
#802 = CARTESIAN_POINT('',(1.464661289564E+03,3.215421165386E+03,
    247.23369323088));
#803 = CARTESIAN_POINT('',(2.058928394104E+03,2.899591283237E+03,
    221.96730265898));
#804 = PCURVE('',#582,#805);
#805 = DEFINITIONAL_REPRESENTATION('',(#806),#810);
#806 = LINE('',#807,#808);
#807 = CARTESIAN_POINT('',(3.,0.));
#808 = VECTOR('',#809,1.);
#809 = DIRECTION('',(0.,1.));
#810 = ( GEOMETRIC_REPRESENTATION_CONTEXT(2) 
PARAMETRIC_REPRESENTATION_CONTEXT() REPRESENTATION_CONTEXT('2D SPACE',''
  ) );
#811 = PCURVE('',#641,#812);
#812 = DEFINITIONAL_REPRESENTATION('',(#813),#817);
#813 = LINE('',#814,#815);
#814 = CARTESIAN_POINT('',(0.,0.));
#815 = VECTOR('',#816,1.);
#816 = DIRECTION('',(0.,1.));
#817 = ( GEOMETRIC_REPRESENTATION_CONTEXT(2) 
PARAMETRIC_REPRESENTATION_CONTEXT() REPRESENTATION_CONTEXT('2D SPACE',''
  ) );
#818 = ORIENTED_EDGE('',*,*,#819,.F.);
#819 = EDGE_CURVE('',#704,#798,#820,.T.);
#820 = SURFACE_CURVE('',#821,(#825,#832),.PCURVE_S1.);
#821 = LINE('',#822,#823);
#822 = CARTESIAN_POINT('',(2.058928394104E+03,2.899591283237E+03,
    224.96730265898));
#823 = VECTOR('',#824,1.);
#824 = DIRECTION('',(0.,0.,-1.));
#825 = PCURVE('',#582,#826);
#826 = DEFINITIONAL_REPRESENTATION('',(#827),#831);
#827 = LINE('',#828,#829);
#828 = CARTESIAN_POINT('',(0.,1.));
#829 = VECTOR('',#830,1.);
#830 = DIRECTION('',(1.,0.));
#831 = ( GEOMETRIC_REPRESENTATION_CONTEXT(2) 
PARAMETRIC_REPRESENTATION_CONTEXT() REPRESENTATION_CONTEXT('2D SPACE',''
  ) );
#832 = PCURVE('',#833,#838);
#833 = B_SPLINE_SURFACE_WITH_KNOTS('',1,1,(
    (#834,#835)
    ,(#836,#837)),.UNSPECIFIED.,.F.,.F.,.F.,(2,2),(2,2),(0.,3.),(0.,1.),
  .PIECEWISE_BEZIER_KNOTS.);
#834 = CARTESIAN_POINT('',(2.058928394104E+03,2.899591283237E+03,
    224.96730265898));
#835 = CARTESIAN_POINT('',(2.515585729709E+03,2.412634348373E+03,
    186.01074786985));
#836 = CARTESIAN_POINT('',(2.058928394104E+03,2.899591283237E+03,
    221.96730265898));
#837 = CARTESIAN_POINT('',(2.515585729709E+03,2.412634348373E+03,
    183.01074786985));
#838 = DEFINITIONAL_REPRESENTATION('',(#839),#843);
#839 = LINE('',#840,#841);
#840 = CARTESIAN_POINT('',(0.,0.));
#841 = VECTOR('',#842,1.);
#842 = DIRECTION('',(1.,0.));
#843 = ( GEOMETRIC_REPRESENTATION_CONTEXT(2) 
PARAMETRIC_REPRESENTATION_CONTEXT() REPRESENTATION_CONTEXT('2D SPACE',''
  ) );
#844 = ORIENTED_EDGE('',*,*,#703,.F.);
#845 = ADVANCED_FACE('',(#846),#641,.F.);
#846 = FACE_BOUND('',#847,.F.);
#847 = EDGE_LOOP('',(#848,#849,#871,#917));
#848 = ORIENTED_EDGE('',*,*,#621,.T.);
#849 = ORIENTED_EDGE('',*,*,#850,.T.);
#850 = EDGE_CURVE('',#600,#851,#853,.T.);
#851 = VERTEX_POINT('',#852);
#852 = CARTESIAN_POINT('',(556.96765183242,636.5110969618,
    66.754899604381));
#853 = SURFACE_CURVE('',#854,(#857,#864),.PCURVE_S1.);
#854 = B_SPLINE_CURVE_WITH_KNOTS('',1,(#855,#856),.UNSPECIFIED.,.F.,.F.,
  (2,2),(0.,1.),.PIECEWISE_BEZIER_KNOTS.);
#855 = CARTESIAN_POINT('',(500.78849835292,666.52802564703,
    62.445021092287));
#856 = CARTESIAN_POINT('',(556.96765183242,636.5110969618,
    66.754899604381));
#857 = PCURVE('',#641,#858);
#858 = DEFINITIONAL_REPRESENTATION('',(#859),#863);
#859 = LINE('',#860,#861);
#860 = CARTESIAN_POINT('',(2.761743148217E+03,0.));
#861 = VECTOR('',#862,1.);
#862 = DIRECTION('',(0.,1.));
#863 = ( GEOMETRIC_REPRESENTATION_CONTEXT(2) 
PARAMETRIC_REPRESENTATION_CONTEXT() REPRESENTATION_CONTEXT('2D SPACE',''
  ) );
#864 = PCURVE('',#686,#865);
#865 = DEFINITIONAL_REPRESENTATION('',(#866),#870);
#866 = LINE('',#867,#868);
#867 = CARTESIAN_POINT('',(0.,0.));
#868 = VECTOR('',#869,1.);
#869 = DIRECTION('',(0.,1.));
#870 = ( GEOMETRIC_REPRESENTATION_CONTEXT(2) 
PARAMETRIC_REPRESENTATION_CONTEXT() REPRESENTATION_CONTEXT('2D SPACE',''
  ) );
#871 = ORIENTED_EDGE('',*,*,#872,.F.);
#872 = EDGE_CURVE('',#798,#851,#873,.T.);
#873 = SURFACE_CURVE('',#874,(#884,#891),.PCURVE_S1.);
#874 = B_SPLINE_CURVE_WITH_KNOTS('',3,(#875,#876,#877,#878,#879,#880,
    #881,#882,#883),.UNSPECIFIED.,.F.,.F.,(4,1,1,1,1,1,4),(0.,
    460.29052470281,920.58104940562,1.380871574108E+03,
    1.841162098811E+03,2.301452623514E+03,2.761743148217E+03),
  .UNSPECIFIED.);
#875 = CARTESIAN_POINT('',(2.058928394104E+03,2.899591283237E+03,
    221.96730265898));
#876 = CARTESIAN_POINT('',(1.976625480139E+03,2.775581321709E+03,
    259.52014157973));
#877 = CARTESIAN_POINT('',(1.809906601271E+03,2.524377557972E+03,
    319.39430872874));
#878 = CARTESIAN_POINT('',(1.556089937201E+03,2.141939157795E+03,
    363.11132270079));
#879 = CARTESIAN_POINT('',(1.301129402289E+03,1.757777229587E+03,
    360.14345091764));
#880 = CARTESIAN_POINT('',(1.047641633893E+03,1.37583439315E+03,
    310.56834952943));
#881 = CARTESIAN_POINT('',(798.23112760614,1.000034973671E+03,
    214.84791350039));
#882 = CARTESIAN_POINT('',(636.36921725342,756.14944995348,
    121.01825573356));
#883 = CARTESIAN_POINT('',(556.96765183242,636.5110969618,
    66.754899604381));
#884 = PCURVE('',#641,#885);
#885 = DEFINITIONAL_REPRESENTATION('',(#886),#890);
#886 = LINE('',#887,#888);
#887 = CARTESIAN_POINT('',(0.,1.));
#888 = VECTOR('',#889,1.);
#889 = DIRECTION('',(1.,0.));
#890 = ( GEOMETRIC_REPRESENTATION_CONTEXT(2) 
PARAMETRIC_REPRESENTATION_CONTEXT() REPRESENTATION_CONTEXT('2D SPACE',''
  ) );
#891 = PCURVE('',#892,#911);
#892 = B_SPLINE_SURFACE_WITH_KNOTS('',3,1,(
    (#893,#894)
    ,(#895,#896)
    ,(#897,#898)
    ,(#899,#900)
    ,(#901,#902)
    ,(#903,#904)
    ,(#905,#906)
    ,(#907,#908)
    ,(#909,#910
    )),.UNSPECIFIED.,.F.,.F.,.F.,(4,1,1,1,1,1,4),(2,2),(0.,
    460.29052470281,920.58104940562,1.380871574108E+03,
    1.841162098811E+03,2.301452623514E+03,2.761743148217E+03),(0.,1.),
  .UNSPECIFIED.);
#893 = CARTESIAN_POINT('',(2.058928394104E+03,2.899591283237E+03,
    221.96730265898));
#894 = CARTESIAN_POINT('',(2.515585729709E+03,2.412634348373E+03,
    183.01074786985));
#895 = CARTESIAN_POINT('',(1.976625480139E+03,2.775581321709E+03,
    259.52014157973));
#896 = CARTESIAN_POINT('',(2.411902805701E+03,2.313996977517E+03,
    225.85681523696));
#897 = CARTESIAN_POINT('',(1.809906601271E+03,2.524377557972E+03,
    319.39430872874));
#898 = CARTESIAN_POINT('',(2.201063465563E+03,2.113417775271E+03,
    295.43179813627));
#899 = CARTESIAN_POINT('',(1.556089937201E+03,2.141939157795E+03,
    363.11132270079));
#900 = CARTESIAN_POINT('',(1.878370889897E+03,1.806428484961E+03,
    350.82090043583));
#901 = CARTESIAN_POINT('',(1.301129402289E+03,1.757777229587E+03,
    360.14345091764));
#902 = CARTESIAN_POINT('',(1.553216460113E+03,1.497097142479E+03,
    356.36916110563));
#903 = CARTESIAN_POINT('',(1.047641633893E+03,1.37583439315E+03,
    310.56834952943));
#904 = CARTESIAN_POINT('',(1.229625086018E+03,1.189252792238E+03,
    312.06854619014));
#905 = CARTESIAN_POINT('',(798.23112760614,1.000034973671E+03,
    214.84791350039));
#906 = CARTESIAN_POINT('',(911.60612524158,886.70968329933,
    218.40701071085));
#907 = CARTESIAN_POINT('',(636.36921725342,756.14944995348,
    121.01825573356));
#908 = CARTESIAN_POINT('',(705.91013500897,691.02353858247,
    123.95059569766));
#909 = CARTESIAN_POINT('',(556.96765183242,636.5110969618,
    66.754899604381));
#910 = CARTESIAN_POINT('',(605.29681498322,595.30639465206,
    68.901042200021));
#911 = DEFINITIONAL_REPRESENTATION('',(#912),#916);
#912 = LINE('',#913,#914);
#913 = CARTESIAN_POINT('',(0.,0.));
#914 = VECTOR('',#915,1.);
#915 = DIRECTION('',(1.,0.));
#916 = ( GEOMETRIC_REPRESENTATION_CONTEXT(2) 
PARAMETRIC_REPRESENTATION_CONTEXT() REPRESENTATION_CONTEXT('2D SPACE',''
  ) );
#917 = ORIENTED_EDGE('',*,*,#797,.F.);
#918 = ADVANCED_FACE('',(#919),#686,.F.);
#919 = FACE_BOUND('',#920,.F.);
#920 = EDGE_LOOP('',(#921,#922,#923,#949));
#921 = ORIENTED_EDGE('',*,*,#672,.T.);
#922 = ORIENTED_EDGE('',*,*,#773,.T.);
#923 = ORIENTED_EDGE('',*,*,#924,.F.);
#924 = EDGE_CURVE('',#851,#726,#925,.T.);
#925 = SURFACE_CURVE('',#926,(#930,#937),.PCURVE_S1.);
#926 = LINE('',#927,#928);
#927 = CARTESIAN_POINT('',(556.96765183242,636.5110969618,
    66.754899604381));
#928 = VECTOR('',#929,1.);
#929 = DIRECTION('',(0.,0.,1.));
#930 = PCURVE('',#686,#931);
#931 = DEFINITIONAL_REPRESENTATION('',(#932),#936);
#932 = LINE('',#933,#934);
#933 = CARTESIAN_POINT('',(0.,1.));
#934 = VECTOR('',#935,1.);
#935 = DIRECTION('',(1.,0.));
#936 = ( GEOMETRIC_REPRESENTATION_CONTEXT(2) 
PARAMETRIC_REPRESENTATION_CONTEXT() REPRESENTATION_CONTEXT('2D SPACE',''
  ) );
#937 = PCURVE('',#938,#943);
#938 = B_SPLINE_SURFACE_WITH_KNOTS('',1,1,(
    (#939,#940)
    ,(#941,#942)),.UNSPECIFIED.,.F.,.F.,.F.,(2,2),(2,2),(0.,3.),(0.,1.),
  .PIECEWISE_BEZIER_KNOTS.);
#939 = CARTESIAN_POINT('',(556.96765183242,636.5110969618,
    66.754899604381));
#940 = CARTESIAN_POINT('',(605.29681498322,595.30639465206,
    68.901042200021));
#941 = CARTESIAN_POINT('',(556.96765183242,636.5110969618,
    69.754899604381));
#942 = CARTESIAN_POINT('',(605.29681498322,595.30639465206,
    71.901042200021));
#943 = DEFINITIONAL_REPRESENTATION('',(#944),#948);
#944 = LINE('',#945,#946);
#945 = CARTESIAN_POINT('',(0.,0.));
#946 = VECTOR('',#947,1.);
#947 = DIRECTION('',(1.,0.));
#948 = ( GEOMETRIC_REPRESENTATION_CONTEXT(2) 
PARAMETRIC_REPRESENTATION_CONTEXT() REPRESENTATION_CONTEXT('2D SPACE',''
  ) );
#949 = ORIENTED_EDGE('',*,*,#850,.F.);
#950 = ADVANCED_FACE('',(#951),#747,.F.);
#951 = FACE_BOUND('',#952,.F.);
#952 = EDGE_LOOP('',(#953,#954,#976,#1023));
#953 = ORIENTED_EDGE('',*,*,#725,.T.);
#954 = ORIENTED_EDGE('',*,*,#955,.T.);
#955 = EDGE_CURVE('',#704,#956,#958,.T.);
#956 = VERTEX_POINT('',#957);
#957 = CARTESIAN_POINT('',(2.515585729709E+03,2.412634348373E+03,
    186.01074786985));
#958 = SURFACE_CURVE('',#959,(#962,#969),.PCURVE_S1.);
#959 = B_SPLINE_CURVE_WITH_KNOTS('',1,(#960,#961),.UNSPECIFIED.,.F.,.F.,
  (2,2),(0.,1.),.PIECEWISE_BEZIER_KNOTS.);
#960 = CARTESIAN_POINT('',(2.058928394104E+03,2.899591283237E+03,
    224.96730265898));
#961 = CARTESIAN_POINT('',(2.515585729709E+03,2.412634348373E+03,
    186.01074786985));
#962 = PCURVE('',#747,#963);
#963 = DEFINITIONAL_REPRESENTATION('',(#964),#968);
#964 = LINE('',#965,#966);
#965 = CARTESIAN_POINT('',(2.761743148217E+03,0.));
#966 = VECTOR('',#967,1.);
#967 = DIRECTION('',(0.,1.));
#968 = ( GEOMETRIC_REPRESENTATION_CONTEXT(2) 
PARAMETRIC_REPRESENTATION_CONTEXT() REPRESENTATION_CONTEXT('2D SPACE',''
  ) );
#969 = PCURVE('',#833,#970);
#970 = DEFINITIONAL_REPRESENTATION('',(#971),#975);
#971 = LINE('',#972,#973);
#972 = CARTESIAN_POINT('',(0.,0.));
#973 = VECTOR('',#974,1.);
#974 = DIRECTION('',(0.,1.));
#975 = ( GEOMETRIC_REPRESENTATION_CONTEXT(2) 
PARAMETRIC_REPRESENTATION_CONTEXT() REPRESENTATION_CONTEXT('2D SPACE',''
  ) );
#976 = ORIENTED_EDGE('',*,*,#977,.F.);
#977 = EDGE_CURVE('',#978,#956,#980,.T.);
#978 = VERTEX_POINT('',#979);
#979 = CARTESIAN_POINT('',(605.29681498322,595.30639465206,
    71.901042200021));
#980 = SURFACE_CURVE('',#981,(#991,#997),.PCURVE_S1.);
#981 = B_SPLINE_CURVE_WITH_KNOTS('',3,(#982,#983,#984,#985,#986,#987,
    #988,#989,#990),.UNSPECIFIED.,.F.,.F.,(4,1,1,1,1,1,4),(0.,
    447.89714744084,895.79429488168,1.343691442323E+03,
    1.791588589763E+03,2.239485737204E+03,2.687382884645E+03),
  .QUASI_UNIFORM_KNOTS.);
#982 = CARTESIAN_POINT('',(605.29681498322,595.30639465206,
    71.901042200021));
#983 = CARTESIAN_POINT('',(705.91013500897,691.02353858247,
    126.95059569766));
#984 = CARTESIAN_POINT('',(911.60612524158,886.70968329933,
    221.40701071085));
#985 = CARTESIAN_POINT('',(1.229625086018E+03,1.189252792238E+03,
    315.06854619014));
#986 = CARTESIAN_POINT('',(1.553216460113E+03,1.497097142479E+03,
    359.36916110563));
#987 = CARTESIAN_POINT('',(1.878370889897E+03,1.806428484961E+03,
    353.82090043583));
#988 = CARTESIAN_POINT('',(2.201063465563E+03,2.113417775271E+03,
    298.43179813627));
#989 = CARTESIAN_POINT('',(2.411902805701E+03,2.313996977517E+03,
    228.85681523696));
#990 = CARTESIAN_POINT('',(2.515585729709E+03,2.412634348373E+03,
    186.01074786985));
#991 = PCURVE('',#747,#992);
#992 = DEFINITIONAL_REPRESENTATION('',(#993),#996);
#993 = B_SPLINE_CURVE_WITH_KNOTS('',1,(#994,#995),.UNSPECIFIED.,.F.,.F.,
  (2,2),(0.,2.687382884645E+03),.PIECEWISE_BEZIER_KNOTS.);
#994 = CARTESIAN_POINT('',(0.,1.));
#995 = CARTESIAN_POINT('',(2.761743148217E+03,1.));
#996 = ( GEOMETRIC_REPRESENTATION_CONTEXT(2) 
PARAMETRIC_REPRESENTATION_CONTEXT() REPRESENTATION_CONTEXT('2D SPACE',''
  ) );
#997 = PCURVE('',#998,#1017);
#998 = B_SPLINE_SURFACE_WITH_KNOTS('',3,1,(
    (#999,#1000)
    ,(#1001,#1002)
    ,(#1003,#1004)
    ,(#1005,#1006)
    ,(#1007,#1008)
    ,(#1009,#1010)
    ,(#1011,#1012)
    ,(#1013,#1014)
    ,(#1015,#1016
    )),.UNSPECIFIED.,.F.,.F.,.F.,(4,1,1,1,1,1,4),(2,2),(0.,
    447.89714744084,895.79429488168,1.343691442323E+03,
    1.791588589763E+03,2.239485737204E+03,2.687382884645E+03),(0.,1.),
  .UNSPECIFIED.);
#999 = CARTESIAN_POINT('',(605.29681498322,595.30639465206,
    71.901042200021));
#1000 = CARTESIAN_POINT('',(643.76933180701,544.82185687646,
    71.780355061818));
#1001 = CARTESIAN_POINT('',(705.91013500897,691.02353858247,
    126.95059569766));
#1002 = CARTESIAN_POINT('',(757.05352511594,612.12329757918,
    123.5651342685));
#1003 = CARTESIAN_POINT('',(911.60612524158,886.70968329933,
    221.40701071085));
#1004 = CARTESIAN_POINT('',(988.81425937029,749.81092069799,
    211.6760230897));
#1005 = CARTESIAN_POINT('',(1.229625086018E+03,1.189252792238E+03,
    315.06854619014));
#1006 = CARTESIAN_POINT('',(1.347235351133E+03,962.74668118907,
    296.39991073911));
#1007 = CARTESIAN_POINT('',(1.553216460113E+03,1.497097142479E+03,
    359.36916110563));
#1008 = CARTESIAN_POINT('',(1.711675505591E+03,1.179258329712E+03,
    332.3552680304));
#1009 = CARTESIAN_POINT('',(1.878370889897E+03,1.806428484961E+03,
    353.82090043583));
#1010 = CARTESIAN_POINT('',(2.077247358108E+03,1.396442313074E+03,
    319.1247780825));
#1011 = CARTESIAN_POINT('',(2.201063465563E+03,2.113417775271E+03,
    298.43179813627));
#1012 = CARTESIAN_POINT('',(2.43905135012E+03,1.611387833744E+03,
    256.8210963061));
#1013 = CARTESIAN_POINT('',(2.411902805701E+03,2.313996977517E+03,
    228.85681523696));
#1014 = CARTESIAN_POINT('',(2.674532043361E+03,1.751285461558E+03,
    183.25517298644));
#1015 = CARTESIAN_POINT('',(2.515585729709E+03,2.412634348373E+03,
    186.01074786985));
#1016 = CARTESIAN_POINT('',(2.790035360447E+03,1.819905270013E+03,
    138.59242160106));
#1017 = DEFINITIONAL_REPRESENTATION('',(#1018),#1022);
#1018 = LINE('',#1019,#1020);
#1019 = CARTESIAN_POINT('',(0.,0.));
#1020 = VECTOR('',#1021,1.);
#1021 = DIRECTION('',(1.,0.));
#1022 = ( GEOMETRIC_REPRESENTATION_CONTEXT(2) 
PARAMETRIC_REPRESENTATION_CONTEXT() REPRESENTATION_CONTEXT('2D SPACE',''
  ) );
#1023 = ORIENTED_EDGE('',*,*,#1024,.F.);
#1024 = EDGE_CURVE('',#726,#978,#1025,.T.);
#1025 = SURFACE_CURVE('',#1026,(#1029,#1036),.PCURVE_S1.);
#1026 = B_SPLINE_CURVE_WITH_KNOTS('',1,(#1027,#1028),.UNSPECIFIED.,.F.,
  .F.,(2,2),(0.,1.),.PIECEWISE_BEZIER_KNOTS.);
#1027 = CARTESIAN_POINT('',(556.96765183242,636.5110969618,
    69.754899604381));
#1028 = CARTESIAN_POINT('',(605.29681498322,595.30639465206,
    71.901042200021));
#1029 = PCURVE('',#747,#1030);
#1030 = DEFINITIONAL_REPRESENTATION('',(#1031),#1035);
#1031 = LINE('',#1032,#1033);
#1032 = CARTESIAN_POINT('',(0.,0.));
#1033 = VECTOR('',#1034,1.);
#1034 = DIRECTION('',(0.,1.));
#1035 = ( GEOMETRIC_REPRESENTATION_CONTEXT(2) 
PARAMETRIC_REPRESENTATION_CONTEXT() REPRESENTATION_CONTEXT('2D SPACE',''
  ) );
#1036 = PCURVE('',#938,#1037);
#1037 = DEFINITIONAL_REPRESENTATION('',(#1038),#1042);
#1038 = LINE('',#1039,#1040);
#1039 = CARTESIAN_POINT('',(3.,0.));
#1040 = VECTOR('',#1041,1.);
#1041 = DIRECTION('',(0.,1.));
#1042 = ( GEOMETRIC_REPRESENTATION_CONTEXT(2) 
PARAMETRIC_REPRESENTATION_CONTEXT() REPRESENTATION_CONTEXT('2D SPACE',''
  ) );
#1043 = ADVANCED_FACE('',(#1044),#833,.F.);
#1044 = FACE_BOUND('',#1045,.F.);
#1045 = EDGE_LOOP('',(#1046,#1047,#1069,#1095));
#1046 = ORIENTED_EDGE('',*,*,#819,.T.);
#1047 = ORIENTED_EDGE('',*,*,#1048,.T.);
#1048 = EDGE_CURVE('',#798,#1049,#1051,.T.);
#1049 = VERTEX_POINT('',#1050);
#1050 = CARTESIAN_POINT('',(2.515585729709E+03,2.412634348373E+03,
    183.01074786985));
#1051 = SURFACE_CURVE('',#1052,(#1055,#1062),.PCURVE_S1.);
#1052 = B_SPLINE_CURVE_WITH_KNOTS('',1,(#1053,#1054),.UNSPECIFIED.,.F.,
  .F.,(2,2),(0.,1.),.PIECEWISE_BEZIER_KNOTS.);
#1053 = CARTESIAN_POINT('',(2.058928394104E+03,2.899591283237E+03,
    221.96730265898));
#1054 = CARTESIAN_POINT('',(2.515585729709E+03,2.412634348373E+03,
    183.01074786985));
#1055 = PCURVE('',#833,#1056);
#1056 = DEFINITIONAL_REPRESENTATION('',(#1057),#1061);
#1057 = LINE('',#1058,#1059);
#1058 = CARTESIAN_POINT('',(3.,0.));
#1059 = VECTOR('',#1060,1.);
#1060 = DIRECTION('',(0.,1.));
#1061 = ( GEOMETRIC_REPRESENTATION_CONTEXT(2) 
PARAMETRIC_REPRESENTATION_CONTEXT() REPRESENTATION_CONTEXT('2D SPACE',''
  ) );
#1062 = PCURVE('',#892,#1063);
#1063 = DEFINITIONAL_REPRESENTATION('',(#1064),#1068);
#1064 = LINE('',#1065,#1066);
#1065 = CARTESIAN_POINT('',(0.,0.));
#1066 = VECTOR('',#1067,1.);
#1067 = DIRECTION('',(0.,1.));
#1068 = ( GEOMETRIC_REPRESENTATION_CONTEXT(2) 
PARAMETRIC_REPRESENTATION_CONTEXT() REPRESENTATION_CONTEXT('2D SPACE',''
  ) );
#1069 = ORIENTED_EDGE('',*,*,#1070,.F.);
#1070 = EDGE_CURVE('',#956,#1049,#1071,.T.);
#1071 = SURFACE_CURVE('',#1072,(#1076,#1083),.PCURVE_S1.);
#1072 = LINE('',#1073,#1074);
#1073 = CARTESIAN_POINT('',(2.515585729709E+03,2.412634348373E+03,
    186.01074786985));
#1074 = VECTOR('',#1075,1.);
#1075 = DIRECTION('',(0.,0.,-1.));
#1076 = PCURVE('',#833,#1077);
#1077 = DEFINITIONAL_REPRESENTATION('',(#1078),#1082);
#1078 = LINE('',#1079,#1080);
#1079 = CARTESIAN_POINT('',(0.,1.));
#1080 = VECTOR('',#1081,1.);
#1081 = DIRECTION('',(1.,0.));
#1082 = ( GEOMETRIC_REPRESENTATION_CONTEXT(2) 
PARAMETRIC_REPRESENTATION_CONTEXT() REPRESENTATION_CONTEXT('2D SPACE',''
  ) );
#1083 = PCURVE('',#1084,#1089);
#1084 = B_SPLINE_SURFACE_WITH_KNOTS('',1,1,(
    (#1085,#1086)
    ,(#1087,#1088
    )),.UNSPECIFIED.,.F.,.F.,.F.,(2,2),(2,2),(0.,3.),(0.,1.),
  .PIECEWISE_BEZIER_KNOTS.);
#1085 = CARTESIAN_POINT('',(2.515585729709E+03,2.412634348373E+03,
    186.01074786985));
#1086 = CARTESIAN_POINT('',(2.790035360447E+03,1.819905270013E+03,
    138.59242160106));
#1087 = CARTESIAN_POINT('',(2.515585729709E+03,2.412634348373E+03,
    183.01074786985));
#1088 = CARTESIAN_POINT('',(2.790035360447E+03,1.819905270013E+03,
    135.59242160106));
#1089 = DEFINITIONAL_REPRESENTATION('',(#1090),#1094);
#1090 = LINE('',#1091,#1092);
#1091 = CARTESIAN_POINT('',(0.,0.));
#1092 = VECTOR('',#1093,1.);
#1093 = DIRECTION('',(1.,0.));
#1094 = ( GEOMETRIC_REPRESENTATION_CONTEXT(2) 
PARAMETRIC_REPRESENTATION_CONTEXT() REPRESENTATION_CONTEXT('2D SPACE',''
  ) );
#1095 = ORIENTED_EDGE('',*,*,#955,.F.);
#1096 = ADVANCED_FACE('',(#1097),#892,.F.);
#1097 = FACE_BOUND('',#1098,.F.);
#1098 = EDGE_LOOP('',(#1099,#1100,#1122,#1167));
#1099 = ORIENTED_EDGE('',*,*,#872,.T.);
#1100 = ORIENTED_EDGE('',*,*,#1101,.T.);
#1101 = EDGE_CURVE('',#851,#1102,#1104,.T.);
#1102 = VERTEX_POINT('',#1103);
#1103 = CARTESIAN_POINT('',(605.29681498322,595.30639465206,
    68.901042200021));
#1104 = SURFACE_CURVE('',#1105,(#1108,#1115),.PCURVE_S1.);
#1105 = B_SPLINE_CURVE_WITH_KNOTS('',1,(#1106,#1107),.UNSPECIFIED.,.F.,
  .F.,(2,2),(0.,1.),.PIECEWISE_BEZIER_KNOTS.);
#1106 = CARTESIAN_POINT('',(556.96765183242,636.5110969618,
    66.754899604381));
#1107 = CARTESIAN_POINT('',(605.29681498322,595.30639465206,
    68.901042200021));
#1108 = PCURVE('',#892,#1109);
#1109 = DEFINITIONAL_REPRESENTATION('',(#1110),#1114);
#1110 = LINE('',#1111,#1112);
#1111 = CARTESIAN_POINT('',(2.761743148217E+03,0.));
#1112 = VECTOR('',#1113,1.);
#1113 = DIRECTION('',(0.,1.));
#1114 = ( GEOMETRIC_REPRESENTATION_CONTEXT(2) 
PARAMETRIC_REPRESENTATION_CONTEXT() REPRESENTATION_CONTEXT('2D SPACE',''
  ) );
#1115 = PCURVE('',#938,#1116);
#1116 = DEFINITIONAL_REPRESENTATION('',(#1117),#1121);
#1117 = LINE('',#1118,#1119);
#1118 = CARTESIAN_POINT('',(0.,0.));
#1119 = VECTOR('',#1120,1.);
#1120 = DIRECTION('',(0.,1.));
#1121 = ( GEOMETRIC_REPRESENTATION_CONTEXT(2) 
PARAMETRIC_REPRESENTATION_CONTEXT() REPRESENTATION_CONTEXT('2D SPACE',''
  ) );
#1122 = ORIENTED_EDGE('',*,*,#1123,.F.);
#1123 = EDGE_CURVE('',#1049,#1102,#1124,.T.);
#1124 = SURFACE_CURVE('',#1125,(#1135,#1141),.PCURVE_S1.);
#1125 = B_SPLINE_CURVE_WITH_KNOTS('',3,(#1126,#1127,#1128,#1129,#1130,
    #1131,#1132,#1133,#1134),.UNSPECIFIED.,.F.,.F.,(4,1,1,1,1,1,4),(0.,
    447.89714744084,895.79429488168,1.343691442323E+03,
    1.791588589763E+03,2.239485737204E+03,2.687382884645E+03),
  .UNSPECIFIED.);
#1126 = CARTESIAN_POINT('',(2.515585729709E+03,2.412634348373E+03,
    183.01074786985));
#1127 = CARTESIAN_POINT('',(2.411902805701E+03,2.313996977517E+03,
    225.85681523696));
#1128 = CARTESIAN_POINT('',(2.201063465563E+03,2.113417775271E+03,
    295.43179813627));
#1129 = CARTESIAN_POINT('',(1.878370889897E+03,1.806428484961E+03,
    350.82090043583));
#1130 = CARTESIAN_POINT('',(1.553216460113E+03,1.497097142479E+03,
    356.36916110563));
#1131 = CARTESIAN_POINT('',(1.229625086018E+03,1.189252792238E+03,
    312.06854619014));
#1132 = CARTESIAN_POINT('',(911.60612524158,886.70968329933,
    218.40701071085));
#1133 = CARTESIAN_POINT('',(705.91013500897,691.02353858247,
    123.95059569766));
#1134 = CARTESIAN_POINT('',(605.29681498322,595.30639465206,
    68.901042200021));
#1135 = PCURVE('',#892,#1136);
#1136 = DEFINITIONAL_REPRESENTATION('',(#1137),#1140);
#1137 = B_SPLINE_CURVE_WITH_KNOTS('',1,(#1138,#1139),.UNSPECIFIED.,.F.,
  .F.,(2,2),(0.,2.687382884645E+03),.PIECEWISE_BEZIER_KNOTS.);
#1138 = CARTESIAN_POINT('',(0.,1.));
#1139 = CARTESIAN_POINT('',(2.761743148217E+03,1.));
#1140 = ( GEOMETRIC_REPRESENTATION_CONTEXT(2) 
PARAMETRIC_REPRESENTATION_CONTEXT() REPRESENTATION_CONTEXT('2D SPACE',''
  ) );
#1141 = PCURVE('',#1142,#1161);
#1142 = B_SPLINE_SURFACE_WITH_KNOTS('',3,1,(
    (#1143,#1144)
    ,(#1145,#1146)
    ,(#1147,#1148)
    ,(#1149,#1150)
    ,(#1151,#1152)
    ,(#1153,#1154)
    ,(#1155,#1156)
    ,(#1157,#1158)
    ,(#1159,#1160
    )),.UNSPECIFIED.,.F.,.F.,.F.,(4,1,1,1,1,1,4),(2,2),(0.,
    447.89714744084,895.79429488168,1.343691442323E+03,
    1.791588589763E+03,2.239485737204E+03,2.687382884645E+03),(0.,1.),
  .UNSPECIFIED.);
#1143 = CARTESIAN_POINT('',(2.515585729709E+03,2.412634348373E+03,
    183.01074786985));
#1144 = CARTESIAN_POINT('',(2.790035360447E+03,1.819905270013E+03,
    135.59242160106));
#1145 = CARTESIAN_POINT('',(2.411902805701E+03,2.313996977517E+03,
    225.85681523696));
#1146 = CARTESIAN_POINT('',(2.674532043361E+03,1.751285461558E+03,
    180.25517298644));
#1147 = CARTESIAN_POINT('',(2.201063465563E+03,2.113417775271E+03,
    295.43179813627));
#1148 = CARTESIAN_POINT('',(2.43905135012E+03,1.611387833744E+03,
    253.8210963061));
#1149 = CARTESIAN_POINT('',(1.878370889897E+03,1.806428484961E+03,
    350.82090043583));
#1150 = CARTESIAN_POINT('',(2.077247358108E+03,1.396442313074E+03,
    316.1247780825));
#1151 = CARTESIAN_POINT('',(1.553216460113E+03,1.497097142479E+03,
    356.36916110563));
#1152 = CARTESIAN_POINT('',(1.711675505591E+03,1.179258329712E+03,
    329.3552680304));
#1153 = CARTESIAN_POINT('',(1.229625086018E+03,1.189252792238E+03,
    312.06854619014));
#1154 = CARTESIAN_POINT('',(1.347235351133E+03,962.74668118907,
    293.39991073911));
#1155 = CARTESIAN_POINT('',(911.60612524158,886.70968329933,
    218.40701071085));
#1156 = CARTESIAN_POINT('',(988.81425937029,749.81092069799,
    208.6760230897));
#1157 = CARTESIAN_POINT('',(705.91013500897,691.02353858247,
    123.95059569766));
#1158 = CARTESIAN_POINT('',(757.05352511594,612.12329757918,
    120.5651342685));
#1159 = CARTESIAN_POINT('',(605.29681498322,595.30639465206,
    68.901042200021));
#1160 = CARTESIAN_POINT('',(643.76933180701,544.82185687646,
    68.780355061818));
#1161 = DEFINITIONAL_REPRESENTATION('',(#1162),#1166);
#1162 = LINE('',#1163,#1164);
#1163 = CARTESIAN_POINT('',(0.,0.));
#1164 = VECTOR('',#1165,1.);
#1165 = DIRECTION('',(1.,0.));
#1166 = ( GEOMETRIC_REPRESENTATION_CONTEXT(2) 
PARAMETRIC_REPRESENTATION_CONTEXT() REPRESENTATION_CONTEXT('2D SPACE',''
  ) );
#1167 = ORIENTED_EDGE('',*,*,#1048,.F.);
#1168 = ADVANCED_FACE('',(#1169),#938,.F.);
#1169 = FACE_BOUND('',#1170,.F.);
#1170 = EDGE_LOOP('',(#1171,#1172,#1173,#1199));
#1171 = ORIENTED_EDGE('',*,*,#924,.T.);
#1172 = ORIENTED_EDGE('',*,*,#1024,.T.);
#1173 = ORIENTED_EDGE('',*,*,#1174,.F.);
#1174 = EDGE_CURVE('',#1102,#978,#1175,.T.);
#1175 = SURFACE_CURVE('',#1176,(#1180,#1187),.PCURVE_S1.);
#1176 = LINE('',#1177,#1178);
#1177 = CARTESIAN_POINT('',(605.29681498322,595.30639465206,
    68.901042200021));
#1178 = VECTOR('',#1179,1.);
#1179 = DIRECTION('',(0.,0.,1.));
#1180 = PCURVE('',#938,#1181);
#1181 = DEFINITIONAL_REPRESENTATION('',(#1182),#1186);
#1182 = LINE('',#1183,#1184);
#1183 = CARTESIAN_POINT('',(0.,1.));
#1184 = VECTOR('',#1185,1.);
#1185 = DIRECTION('',(1.,0.));
#1186 = ( GEOMETRIC_REPRESENTATION_CONTEXT(2) 
PARAMETRIC_REPRESENTATION_CONTEXT() REPRESENTATION_CONTEXT('2D SPACE',''
  ) );
#1187 = PCURVE('',#1188,#1193);
#1188 = B_SPLINE_SURFACE_WITH_KNOTS('',1,1,(
    (#1189,#1190)
    ,(#1191,#1192
    )),.UNSPECIFIED.,.F.,.F.,.F.,(2,2),(2,2),(0.,3.),(0.,1.),
  .PIECEWISE_BEZIER_KNOTS.);
#1189 = CARTESIAN_POINT('',(605.29681498322,595.30639465206,
    68.901042200021));
#1190 = CARTESIAN_POINT('',(643.76933180701,544.82185687646,
    68.780355061818));
#1191 = CARTESIAN_POINT('',(605.29681498322,595.30639465206,
    71.901042200021));
#1192 = CARTESIAN_POINT('',(643.76933180701,544.82185687646,
    71.780355061818));
#1193 = DEFINITIONAL_REPRESENTATION('',(#1194),#1198);
#1194 = LINE('',#1195,#1196);
#1195 = CARTESIAN_POINT('',(0.,0.));
#1196 = VECTOR('',#1197,1.);
#1197 = DIRECTION('',(1.,0.));
#1198 = ( GEOMETRIC_REPRESENTATION_CONTEXT(2) 
PARAMETRIC_REPRESENTATION_CONTEXT() REPRESENTATION_CONTEXT('2D SPACE',''
  ) );
#1199 = ORIENTED_EDGE('',*,*,#1101,.F.);
#1200 = ADVANCED_FACE('',(#1201),#998,.F.);
#1201 = FACE_BOUND('',#1202,.F.);
#1202 = EDGE_LOOP('',(#1203,#1204,#1226,#1273));
#1203 = ORIENTED_EDGE('',*,*,#977,.T.);
#1204 = ORIENTED_EDGE('',*,*,#1205,.T.);
#1205 = EDGE_CURVE('',#956,#1206,#1208,.T.);
#1206 = VERTEX_POINT('',#1207);
#1207 = CARTESIAN_POINT('',(2.790035360447E+03,1.819905270013E+03,
    138.59242160106));
#1208 = SURFACE_CURVE('',#1209,(#1212,#1219),.PCURVE_S1.);
#1209 = B_SPLINE_CURVE_WITH_KNOTS('',1,(#1210,#1211),.UNSPECIFIED.,.F.,
  .F.,(2,2),(0.,1.),.PIECEWISE_BEZIER_KNOTS.);
#1210 = CARTESIAN_POINT('',(2.515585729709E+03,2.412634348373E+03,
    186.01074786985));
#1211 = CARTESIAN_POINT('',(2.790035360447E+03,1.819905270013E+03,
    138.59242160106));
#1212 = PCURVE('',#998,#1213);
#1213 = DEFINITIONAL_REPRESENTATION('',(#1214),#1218);
#1214 = LINE('',#1215,#1216);
#1215 = CARTESIAN_POINT('',(2.687382884645E+03,0.));
#1216 = VECTOR('',#1217,1.);
#1217 = DIRECTION('',(0.,1.));
#1218 = ( GEOMETRIC_REPRESENTATION_CONTEXT(2) 
PARAMETRIC_REPRESENTATION_CONTEXT() REPRESENTATION_CONTEXT('2D SPACE',''
  ) );
#1219 = PCURVE('',#1084,#1220);
#1220 = DEFINITIONAL_REPRESENTATION('',(#1221),#1225);
#1221 = LINE('',#1222,#1223);
#1222 = CARTESIAN_POINT('',(0.,0.));
#1223 = VECTOR('',#1224,1.);
#1224 = DIRECTION('',(0.,1.));
#1225 = ( GEOMETRIC_REPRESENTATION_CONTEXT(2) 
PARAMETRIC_REPRESENTATION_CONTEXT() REPRESENTATION_CONTEXT('2D SPACE',''
  ) );
#1226 = ORIENTED_EDGE('',*,*,#1227,.F.);
#1227 = EDGE_CURVE('',#1228,#1206,#1230,.T.);
#1228 = VERTEX_POINT('',#1229);
#1229 = CARTESIAN_POINT('',(643.76933180701,544.82185687646,
    71.780355061818));
#1230 = SURFACE_CURVE('',#1231,(#1241,#1247),.PCURVE_S1.);
#1231 = B_SPLINE_CURVE_WITH_KNOTS('',3,(#1232,#1233,#1234,#1235,#1236,
    #1237,#1238,#1239,#1240),.UNSPECIFIED.,.F.,.F.,(4,1,1,1,1,1,4),(0.,
    424.47537083647,848.95074167295,1.273426112509E+03,
    1.697901483346E+03,2.122376854182E+03,2.546852225019E+03),
  .UNSPECIFIED.);
#1232 = CARTESIAN_POINT('',(643.76933180701,544.82185687646,
    71.780355061818));
#1233 = CARTESIAN_POINT('',(757.05352511594,612.12329757918,
    123.5651342685));
#1234 = CARTESIAN_POINT('',(988.81425937029,749.81092069799,
    211.6760230897));
#1235 = CARTESIAN_POINT('',(1.347235351133E+03,962.74668118907,
    296.39991073911));
#1236 = CARTESIAN_POINT('',(1.711675505591E+03,1.179258329712E+03,
    332.3552680304));
#1237 = CARTESIAN_POINT('',(2.077247358108E+03,1.396442313074E+03,
    319.1247780825));
#1238 = CARTESIAN_POINT('',(2.43905135012E+03,1.611387833744E+03,
    256.8210963061));
#1239 = CARTESIAN_POINT('',(2.674532043361E+03,1.751285461558E+03,
    183.25517298644));
#1240 = CARTESIAN_POINT('',(2.790035360447E+03,1.819905270013E+03,
    138.59242160106));
#1241 = PCURVE('',#998,#1242);
#1242 = DEFINITIONAL_REPRESENTATION('',(#1243),#1246);
#1243 = B_SPLINE_CURVE_WITH_KNOTS('',1,(#1244,#1245),.UNSPECIFIED.,.F.,
  .F.,(2,2),(0.,2.546852225019E+03),.PIECEWISE_BEZIER_KNOTS.);
#1244 = CARTESIAN_POINT('',(0.,1.));
#1245 = CARTESIAN_POINT('',(2.687382884645E+03,1.));
#1246 = ( GEOMETRIC_REPRESENTATION_CONTEXT(2) 
PARAMETRIC_REPRESENTATION_CONTEXT() REPRESENTATION_CONTEXT('2D SPACE',''
  ) );
#1247 = PCURVE('',#1248,#1267);
#1248 = B_SPLINE_SURFACE_WITH_KNOTS('',3,1,(
    (#1249,#1250)
    ,(#1251,#1252)
    ,(#1253,#1254)
    ,(#1255,#1256)
    ,(#1257,#1258)
    ,(#1259,#1260)
    ,(#1261,#1262)
    ,(#1263,#1264)
    ,(#1265,#1266
    )),.UNSPECIFIED.,.F.,.F.,.F.,(4,1,1,1,1,1,4),(2,2),(0.,
    424.47537083647,848.95074167295,1.273426112509E+03,
    1.697901483346E+03,2.122376854182E+03,2.546852225019E+03),(0.,1.),
  .UNSPECIFIED.);
#1249 = CARTESIAN_POINT('',(643.76933180701,544.82185687646,
    71.780355061818));
#1250 = CARTESIAN_POINT('',(670.68792114094,487.20627340337,
    69.367240324187));
#1251 = CARTESIAN_POINT('',(757.05352511594,612.12329757918,
    123.5651342685));
#1252 = CARTESIAN_POINT('',(787.91084057675,524.97143824106,
    114.67408376333));
#1253 = CARTESIAN_POINT('',(988.81425937029,749.81092069799,
    211.6760230897));
#1254 = CARTESIAN_POINT('',(1.027332468268E+03,602.10479474671,
    190.99203697245));
#1255 = CARTESIAN_POINT('',(1.347235351133E+03,962.74668118907,
    296.39991073911));
#1256 = CARTESIAN_POINT('',(1.396552331796E+03,721.05464751077,
    261.71510403259));
#1257 = CARTESIAN_POINT('',(1.711675505591E+03,1.179258329712E+03,
    332.3552680304));
#1258 = CARTESIAN_POINT('',(1.771051225007E+03,841.70522080922,
    287.58359524556));
#1259 = CARTESIAN_POINT('',(2.077247358108E+03,1.396442313074E+03,
    319.1247780825));
#1260 = CARTESIAN_POINT('',(2.145910323026E+03,962.47183962187,
    268.31597723413));
#1261 = CARTESIAN_POINT('',(2.43905135012E+03,1.611387833744E+03,
    256.8210963061));
#1262 = CARTESIAN_POINT('',(2.516206999298E+03,1.081768604159E+03,
    204.10709293684));
#1263 = CARTESIAN_POINT('',(2.674532043361E+03,1.751285461558E+03,
    183.25517298644));
#1264 = CARTESIAN_POINT('',(2.756812980063E+03,1.159283518207E+03,
    132.01756114143));
#1265 = CARTESIAN_POINT('',(2.790035360447E+03,1.819905270013E+03,
    138.59242160106));
#1266 = CARTESIAN_POINT('',(2.874742503639E+03,1.197276326427E+03,
    88.782106114134));
#1267 = DEFINITIONAL_REPRESENTATION('',(#1268),#1272);
#1268 = LINE('',#1269,#1270);
#1269 = CARTESIAN_POINT('',(0.,0.));
#1270 = VECTOR('',#1271,1.);
#1271 = DIRECTION('',(1.,0.));
#1272 = ( GEOMETRIC_REPRESENTATION_CONTEXT(2) 
PARAMETRIC_REPRESENTATION_CONTEXT() REPRESENTATION_CONTEXT('2D SPACE',''
  ) );
#1273 = ORIENTED_EDGE('',*,*,#1274,.F.);
#1274 = EDGE_CURVE('',#978,#1228,#1275,.T.);
#1275 = SURFACE_CURVE('',#1276,(#1279,#1286),.PCURVE_S1.);
#1276 = B_SPLINE_CURVE_WITH_KNOTS('',1,(#1277,#1278),.UNSPECIFIED.,.F.,
  .F.,(2,2),(0.,1.),.PIECEWISE_BEZIER_KNOTS.);
#1277 = CARTESIAN_POINT('',(605.29681498322,595.30639465206,
    71.901042200021));
#1278 = CARTESIAN_POINT('',(643.76933180701,544.82185687646,
    71.780355061818));
#1279 = PCURVE('',#998,#1280);
#1280 = DEFINITIONAL_REPRESENTATION('',(#1281),#1285);
#1281 = LINE('',#1282,#1283);
#1282 = CARTESIAN_POINT('',(0.,0.));
#1283 = VECTOR('',#1284,1.);
#1284 = DIRECTION('',(0.,1.));
#1285 = ( GEOMETRIC_REPRESENTATION_CONTEXT(2) 
PARAMETRIC_REPRESENTATION_CONTEXT() REPRESENTATION_CONTEXT('2D SPACE',''
  ) );
#1286 = PCURVE('',#1188,#1287);
#1287 = DEFINITIONAL_REPRESENTATION('',(#1288),#1292);
#1288 = LINE('',#1289,#1290);
#1289 = CARTESIAN_POINT('',(3.,0.));
#1290 = VECTOR('',#1291,1.);
#1291 = DIRECTION('',(0.,1.));
#1292 = ( GEOMETRIC_REPRESENTATION_CONTEXT(2) 
PARAMETRIC_REPRESENTATION_CONTEXT() REPRESENTATION_CONTEXT('2D SPACE',''
  ) );
#1293 = ADVANCED_FACE('',(#1294),#1084,.F.);
#1294 = FACE_BOUND('',#1295,.F.);
#1295 = EDGE_LOOP('',(#1296,#1297,#1319,#1345));
#1296 = ORIENTED_EDGE('',*,*,#1070,.T.);
#1297 = ORIENTED_EDGE('',*,*,#1298,.T.);
#1298 = EDGE_CURVE('',#1049,#1299,#1301,.T.);
#1299 = VERTEX_POINT('',#1300);
#1300 = CARTESIAN_POINT('',(2.790035360447E+03,1.819905270013E+03,
    135.59242160106));
#1301 = SURFACE_CURVE('',#1302,(#1305,#1312),.PCURVE_S1.);
#1302 = B_SPLINE_CURVE_WITH_KNOTS('',1,(#1303,#1304),.UNSPECIFIED.,.F.,
  .F.,(2,2),(0.,1.),.PIECEWISE_BEZIER_KNOTS.);
#1303 = CARTESIAN_POINT('',(2.515585729709E+03,2.412634348373E+03,
    183.01074786985));
#1304 = CARTESIAN_POINT('',(2.790035360447E+03,1.819905270013E+03,
    135.59242160106));
#1305 = PCURVE('',#1084,#1306);
#1306 = DEFINITIONAL_REPRESENTATION('',(#1307),#1311);
#1307 = LINE('',#1308,#1309);
#1308 = CARTESIAN_POINT('',(3.,0.));
#1309 = VECTOR('',#1310,1.);
#1310 = DIRECTION('',(0.,1.));
#1311 = ( GEOMETRIC_REPRESENTATION_CONTEXT(2) 
PARAMETRIC_REPRESENTATION_CONTEXT() REPRESENTATION_CONTEXT('2D SPACE',''
  ) );
#1312 = PCURVE('',#1142,#1313);
#1313 = DEFINITIONAL_REPRESENTATION('',(#1314),#1318);
#1314 = LINE('',#1315,#1316);
#1315 = CARTESIAN_POINT('',(0.,0.));
#1316 = VECTOR('',#1317,1.);
#1317 = DIRECTION('',(0.,1.));
#1318 = ( GEOMETRIC_REPRESENTATION_CONTEXT(2) 
PARAMETRIC_REPRESENTATION_CONTEXT() REPRESENTATION_CONTEXT('2D SPACE',''
  ) );
#1319 = ORIENTED_EDGE('',*,*,#1320,.F.);
#1320 = EDGE_CURVE('',#1206,#1299,#1321,.T.);
#1321 = SURFACE_CURVE('',#1322,(#1326,#1333),.PCURVE_S1.);
#1322 = LINE('',#1323,#1324);
#1323 = CARTESIAN_POINT('',(2.790035360447E+03,1.819905270013E+03,
    138.59242160106));
#1324 = VECTOR('',#1325,1.);
#1325 = DIRECTION('',(0.,0.,-1.));
#1326 = PCURVE('',#1084,#1327);
#1327 = DEFINITIONAL_REPRESENTATION('',(#1328),#1332);
#1328 = LINE('',#1329,#1330);
#1329 = CARTESIAN_POINT('',(0.,1.));
#1330 = VECTOR('',#1331,1.);
#1331 = DIRECTION('',(1.,0.));
#1332 = ( GEOMETRIC_REPRESENTATION_CONTEXT(2) 
PARAMETRIC_REPRESENTATION_CONTEXT() REPRESENTATION_CONTEXT('2D SPACE',''
  ) );
#1333 = PCURVE('',#1334,#1339);
#1334 = B_SPLINE_SURFACE_WITH_KNOTS('',1,1,(
    (#1335,#1336)
    ,(#1337,#1338
    )),.UNSPECIFIED.,.F.,.F.,.F.,(2,2),(2,2),(0.,3.),(0.,1.),
  .PIECEWISE_BEZIER_KNOTS.);
#1335 = CARTESIAN_POINT('',(2.790035360447E+03,1.819905270013E+03,
    138.59242160106));
#1336 = CARTESIAN_POINT('',(2.874742503639E+03,1.197276326427E+03,
    88.782106114134));
#1337 = CARTESIAN_POINT('',(2.790035360447E+03,1.819905270013E+03,
    135.59242160106));
#1338 = CARTESIAN_POINT('',(2.874742503639E+03,1.197276326427E+03,
    85.782106114134));
#1339 = DEFINITIONAL_REPRESENTATION('',(#1340),#1344);
#1340 = LINE('',#1341,#1342);
#1341 = CARTESIAN_POINT('',(0.,0.));
#1342 = VECTOR('',#1343,1.);
#1343 = DIRECTION('',(1.,0.));
#1344 = ( GEOMETRIC_REPRESENTATION_CONTEXT(2) 
PARAMETRIC_REPRESENTATION_CONTEXT() REPRESENTATION_CONTEXT('2D SPACE',''
  ) );
#1345 = ORIENTED_EDGE('',*,*,#1205,.F.);
#1346 = ADVANCED_FACE('',(#1347),#1142,.F.);
#1347 = FACE_BOUND('',#1348,.F.);
#1348 = EDGE_LOOP('',(#1349,#1350,#1372,#1417));
#1349 = ORIENTED_EDGE('',*,*,#1123,.T.);
#1350 = ORIENTED_EDGE('',*,*,#1351,.T.);
#1351 = EDGE_CURVE('',#1102,#1352,#1354,.T.);
#1352 = VERTEX_POINT('',#1353);
#1353 = CARTESIAN_POINT('',(643.76933180701,544.82185687646,
    68.780355061818));
#1354 = SURFACE_CURVE('',#1355,(#1358,#1365),.PCURVE_S1.);
#1355 = B_SPLINE_CURVE_WITH_KNOTS('',1,(#1356,#1357),.UNSPECIFIED.,.F.,
  .F.,(2,2),(0.,1.),.PIECEWISE_BEZIER_KNOTS.);
#1356 = CARTESIAN_POINT('',(605.29681498322,595.30639465206,
    68.901042200021));
#1357 = CARTESIAN_POINT('',(643.76933180701,544.82185687646,
    68.780355061818));
#1358 = PCURVE('',#1142,#1359);
#1359 = DEFINITIONAL_REPRESENTATION('',(#1360),#1364);
#1360 = LINE('',#1361,#1362);
#1361 = CARTESIAN_POINT('',(2.687382884645E+03,0.));
#1362 = VECTOR('',#1363,1.);
#1363 = DIRECTION('',(0.,1.));
#1364 = ( GEOMETRIC_REPRESENTATION_CONTEXT(2) 
PARAMETRIC_REPRESENTATION_CONTEXT() REPRESENTATION_CONTEXT('2D SPACE',''
  ) );
#1365 = PCURVE('',#1188,#1366);
#1366 = DEFINITIONAL_REPRESENTATION('',(#1367),#1371);
#1367 = LINE('',#1368,#1369);
#1368 = CARTESIAN_POINT('',(0.,0.));
#1369 = VECTOR('',#1370,1.);
#1370 = DIRECTION('',(0.,1.));
#1371 = ( GEOMETRIC_REPRESENTATION_CONTEXT(2) 
PARAMETRIC_REPRESENTATION_CONTEXT() REPRESENTATION_CONTEXT('2D SPACE',''
  ) );
#1372 = ORIENTED_EDGE('',*,*,#1373,.F.);
#1373 = EDGE_CURVE('',#1299,#1352,#1374,.T.);
#1374 = SURFACE_CURVE('',#1375,(#1385,#1391),.PCURVE_S1.);
#1375 = B_SPLINE_CURVE_WITH_KNOTS('',3,(#1376,#1377,#1378,#1379,#1380,
    #1381,#1382,#1383,#1384),.UNSPECIFIED.,.F.,.F.,(4,1,1,1,1,1,4),(0.,
    424.47537083647,848.95074167295,1.273426112509E+03,
    1.697901483346E+03,2.122376854182E+03,2.546852225019E+03),
  .UNSPECIFIED.);
#1376 = CARTESIAN_POINT('',(2.790035360447E+03,1.819905270013E+03,
    135.59242160106));
#1377 = CARTESIAN_POINT('',(2.674532043361E+03,1.751285461558E+03,
    180.25517298644));
#1378 = CARTESIAN_POINT('',(2.43905135012E+03,1.611387833744E+03,
    253.8210963061));
#1379 = CARTESIAN_POINT('',(2.077247358108E+03,1.396442313074E+03,
    316.1247780825));
#1380 = CARTESIAN_POINT('',(1.711675505591E+03,1.179258329712E+03,
    329.3552680304));
#1381 = CARTESIAN_POINT('',(1.347235351133E+03,962.74668118907,
    293.39991073911));
#1382 = CARTESIAN_POINT('',(988.81425937029,749.81092069799,
    208.6760230897));
#1383 = CARTESIAN_POINT('',(757.05352511594,612.12329757918,
    120.5651342685));
#1384 = CARTESIAN_POINT('',(643.76933180701,544.82185687646,
    68.780355061818));
#1385 = PCURVE('',#1142,#1386);
#1386 = DEFINITIONAL_REPRESENTATION('',(#1387),#1390);
#1387 = B_SPLINE_CURVE_WITH_KNOTS('',1,(#1388,#1389),.UNSPECIFIED.,.F.,
  .F.,(2,2),(0.,2.546852225019E+03),.PIECEWISE_BEZIER_KNOTS.);
#1388 = CARTESIAN_POINT('',(0.,1.));
#1389 = CARTESIAN_POINT('',(2.687382884645E+03,1.));
#1390 = ( GEOMETRIC_REPRESENTATION_CONTEXT(2) 
PARAMETRIC_REPRESENTATION_CONTEXT() REPRESENTATION_CONTEXT('2D SPACE',''
  ) );
#1391 = PCURVE('',#1392,#1411);
#1392 = B_SPLINE_SURFACE_WITH_KNOTS('',3,1,(
    (#1393,#1394)
    ,(#1395,#1396)
    ,(#1397,#1398)
    ,(#1399,#1400)
    ,(#1401,#1402)
    ,(#1403,#1404)
    ,(#1405,#1406)
    ,(#1407,#1408)
    ,(#1409,#1410
    )),.UNSPECIFIED.,.F.,.F.,.F.,(4,1,1,1,1,1,4),(2,2),(0.,
    424.47537083647,848.95074167295,1.273426112509E+03,
    1.697901483346E+03,2.122376854182E+03,2.546852225019E+03),(0.,1.),
  .UNSPECIFIED.);
#1393 = CARTESIAN_POINT('',(2.790035360447E+03,1.819905270013E+03,
    135.59242160106));
#1394 = CARTESIAN_POINT('',(2.874742503639E+03,1.197276326427E+03,
    85.782106114134));
#1395 = CARTESIAN_POINT('',(2.674532043361E+03,1.751285461558E+03,
    180.25517298644));
#1396 = CARTESIAN_POINT('',(2.756812980063E+03,1.159283518207E+03,
    129.01756114143));
#1397 = CARTESIAN_POINT('',(2.43905135012E+03,1.611387833744E+03,
    253.8210963061));
#1398 = CARTESIAN_POINT('',(2.516206999298E+03,1.081768604159E+03,
    201.10709293684));
#1399 = CARTESIAN_POINT('',(2.077247358108E+03,1.396442313074E+03,
    316.1247780825));
#1400 = CARTESIAN_POINT('',(2.145910323026E+03,962.47183962187,
    265.31597723413));
#1401 = CARTESIAN_POINT('',(1.711675505591E+03,1.179258329712E+03,
    329.3552680304));
#1402 = CARTESIAN_POINT('',(1.771051225007E+03,841.70522080922,
    284.58359524556));
#1403 = CARTESIAN_POINT('',(1.347235351133E+03,962.74668118907,
    293.39991073911));
#1404 = CARTESIAN_POINT('',(1.396552331796E+03,721.05464751077,
    258.71510403259));
#1405 = CARTESIAN_POINT('',(988.81425937029,749.81092069799,
    208.6760230897));
#1406 = CARTESIAN_POINT('',(1.027332468268E+03,602.10479474671,
    187.99203697245));
#1407 = CARTESIAN_POINT('',(757.05352511594,612.12329757918,
    120.5651342685));
#1408 = CARTESIAN_POINT('',(787.91084057675,524.97143824106,
    111.67408376333));
#1409 = CARTESIAN_POINT('',(643.76933180701,544.82185687646,
    68.780355061818));
#1410 = CARTESIAN_POINT('',(670.68792114094,487.20627340337,
    66.367240324187));
#1411 = DEFINITIONAL_REPRESENTATION('',(#1412),#1416);
#1412 = LINE('',#1413,#1414);
#1413 = CARTESIAN_POINT('',(0.,0.));
#1414 = VECTOR('',#1415,1.);
#1415 = DIRECTION('',(1.,0.));
#1416 = ( GEOMETRIC_REPRESENTATION_CONTEXT(2) 
PARAMETRIC_REPRESENTATION_CONTEXT() REPRESENTATION_CONTEXT('2D SPACE',''
  ) );
#1417 = ORIENTED_EDGE('',*,*,#1298,.F.);
#1418 = ADVANCED_FACE('',(#1419),#1188,.F.);
#1419 = FACE_BOUND('',#1420,.F.);
#1420 = EDGE_LOOP('',(#1421,#1422,#1423,#1449));
#1421 = ORIENTED_EDGE('',*,*,#1174,.T.);
#1422 = ORIENTED_EDGE('',*,*,#1274,.T.);
#1423 = ORIENTED_EDGE('',*,*,#1424,.F.);
#1424 = EDGE_CURVE('',#1352,#1228,#1425,.T.);
#1425 = SURFACE_CURVE('',#1426,(#1430,#1437),.PCURVE_S1.);
#1426 = LINE('',#1427,#1428);
#1427 = CARTESIAN_POINT('',(643.76933180701,544.82185687646,
    68.780355061818));
#1428 = VECTOR('',#1429,1.);
#1429 = DIRECTION('',(0.,0.,1.));
#1430 = PCURVE('',#1188,#1431);
#1431 = DEFINITIONAL_REPRESENTATION('',(#1432),#1436);
#1432 = LINE('',#1433,#1434);
#1433 = CARTESIAN_POINT('',(0.,1.));
#1434 = VECTOR('',#1435,1.);
#1435 = DIRECTION('',(1.,0.));
#1436 = ( GEOMETRIC_REPRESENTATION_CONTEXT(2) 
PARAMETRIC_REPRESENTATION_CONTEXT() REPRESENTATION_CONTEXT('2D SPACE',''
  ) );
#1437 = PCURVE('',#1438,#1443);
#1438 = B_SPLINE_SURFACE_WITH_KNOTS('',1,1,(
    (#1439,#1440)
    ,(#1441,#1442
    )),.UNSPECIFIED.,.F.,.F.,.F.,(2,2),(2,2),(0.,3.),(0.,1.),
  .PIECEWISE_BEZIER_KNOTS.);
#1439 = CARTESIAN_POINT('',(643.76933180701,544.82185687646,
    68.780355061818));
#1440 = CARTESIAN_POINT('',(670.68792114094,487.20627340337,
    66.367240324187));
#1441 = CARTESIAN_POINT('',(643.76933180701,544.82185687646,
    71.780355061818));
#1442 = CARTESIAN_POINT('',(670.68792114094,487.20627340337,
    69.367240324187));
#1443 = DEFINITIONAL_REPRESENTATION('',(#1444),#1448);
#1444 = LINE('',#1445,#1446);
#1445 = CARTESIAN_POINT('',(0.,0.));
#1446 = VECTOR('',#1447,1.);
#1447 = DIRECTION('',(1.,0.));
#1448 = ( GEOMETRIC_REPRESENTATION_CONTEXT(2) 
PARAMETRIC_REPRESENTATION_CONTEXT() REPRESENTATION_CONTEXT('2D SPACE',''
  ) );
#1449 = ORIENTED_EDGE('',*,*,#1351,.F.);
#1450 = ADVANCED_FACE('',(#1451),#1248,.F.);
#1451 = FACE_BOUND('',#1452,.F.);
#1452 = EDGE_LOOP('',(#1453,#1454,#1476,#1523));
#1453 = ORIENTED_EDGE('',*,*,#1227,.T.);
#1454 = ORIENTED_EDGE('',*,*,#1455,.T.);
#1455 = EDGE_CURVE('',#1206,#1456,#1458,.T.);
#1456 = VERTEX_POINT('',#1457);
#1457 = CARTESIAN_POINT('',(2.874742503639E+03,1.197276326427E+03,
    88.782106114134));
#1458 = SURFACE_CURVE('',#1459,(#1462,#1469),.PCURVE_S1.);
#1459 = B_SPLINE_CURVE_WITH_KNOTS('',1,(#1460,#1461),.UNSPECIFIED.,.F.,
  .F.,(2,2),(0.,1.),.PIECEWISE_BEZIER_KNOTS.);
#1460 = CARTESIAN_POINT('',(2.790035360447E+03,1.819905270013E+03,
    138.59242160106));
#1461 = CARTESIAN_POINT('',(2.874742503639E+03,1.197276326427E+03,
    88.782106114134));
#1462 = PCURVE('',#1248,#1463);
#1463 = DEFINITIONAL_REPRESENTATION('',(#1464),#1468);
#1464 = LINE('',#1465,#1466);
#1465 = CARTESIAN_POINT('',(2.546852225019E+03,0.));
#1466 = VECTOR('',#1467,1.);
#1467 = DIRECTION('',(0.,1.));
#1468 = ( GEOMETRIC_REPRESENTATION_CONTEXT(2) 
PARAMETRIC_REPRESENTATION_CONTEXT() REPRESENTATION_CONTEXT('2D SPACE',''
  ) );
#1469 = PCURVE('',#1334,#1470);
#1470 = DEFINITIONAL_REPRESENTATION('',(#1471),#1475);
#1471 = LINE('',#1472,#1473);
#1472 = CARTESIAN_POINT('',(0.,0.));
#1473 = VECTOR('',#1474,1.);
#1474 = DIRECTION('',(0.,1.));
#1475 = ( GEOMETRIC_REPRESENTATION_CONTEXT(2) 
PARAMETRIC_REPRESENTATION_CONTEXT() REPRESENTATION_CONTEXT('2D SPACE',''
  ) );
#1476 = ORIENTED_EDGE('',*,*,#1477,.F.);
#1477 = EDGE_CURVE('',#1478,#1456,#1480,.T.);
#1478 = VERTEX_POINT('',#1479);
#1479 = CARTESIAN_POINT('',(670.68792114094,487.20627340337,
    69.367240324187));
#1480 = SURFACE_CURVE('',#1481,(#1491,#1497),.PCURVE_S1.);
#1481 = B_SPLINE_CURVE_WITH_KNOTS('',3,(#1482,#1483,#1484,#1485,#1486,
    #1487,#1488,#1489,#1490),.UNSPECIFIED.,.F.,.F.,(4,1,1,1,1,1,4),(0.,
    393.44086591518,786.88173183037,1.180322597746E+03,
    1.573763463661E+03,1.967204329576E+03,2.360645195491E+03),
  .UNSPECIFIED.);
#1482 = CARTESIAN_POINT('',(670.68792114094,487.20627340337,
    69.367240324187));
#1483 = CARTESIAN_POINT('',(787.91084057675,524.97143824106,
    114.67408376333));
#1484 = CARTESIAN_POINT('',(1.027332468268E+03,602.10479474671,
    190.99203697245));
#1485 = CARTESIAN_POINT('',(1.396552331796E+03,721.05464751077,
    261.71510403259));
#1486 = CARTESIAN_POINT('',(1.771051225007E+03,841.70522080922,
    287.58359524556));
#1487 = CARTESIAN_POINT('',(2.145910323026E+03,962.47183962187,
    268.31597723413));
#1488 = CARTESIAN_POINT('',(2.516206999298E+03,1.081768604159E+03,
    204.10709293684));
#1489 = CARTESIAN_POINT('',(2.756812980063E+03,1.159283518207E+03,
    132.01756114143));
#1490 = CARTESIAN_POINT('',(2.874742503639E+03,1.197276326427E+03,
    88.782106114134));
#1491 = PCURVE('',#1248,#1492);
#1492 = DEFINITIONAL_REPRESENTATION('',(#1493),#1496);
#1493 = B_SPLINE_CURVE_WITH_KNOTS('',1,(#1494,#1495),.UNSPECIFIED.,.F.,
  .F.,(2,2),(0.,2.360645195491E+03),.PIECEWISE_BEZIER_KNOTS.);
#1494 = CARTESIAN_POINT('',(0.,1.));
#1495 = CARTESIAN_POINT('',(2.546852225019E+03,1.));
#1496 = ( GEOMETRIC_REPRESENTATION_CONTEXT(2) 
PARAMETRIC_REPRESENTATION_CONTEXT() REPRESENTATION_CONTEXT('2D SPACE',''
  ) );
#1497 = PCURVE('',#1498,#1517);
#1498 = B_SPLINE_SURFACE_WITH_KNOTS('',3,1,(
    (#1499,#1500)
    ,(#1501,#1502)
    ,(#1503,#1504)
    ,(#1505,#1506)
    ,(#1507,#1508)
    ,(#1509,#1510)
    ,(#1511,#1512)
    ,(#1513,#1514)
    ,(#1515,#1516
    )),.UNSPECIFIED.,.F.,.F.,.F.,(4,1,1,1,1,1,4),(2,2),(0.,
    393.44086591518,786.88173183037,1.180322597746E+03,
    1.573763463661E+03,1.967204329576E+03,2.360645195491E+03),(0.,1.),
  .UNSPECIFIED.);
#1499 = CARTESIAN_POINT('',(670.68792114094,487.20627340337,
    69.367240324187));
#1500 = CARTESIAN_POINT('',(684.64615647232,424.90331180755,
    64.725039297038));
#1501 = CARTESIAN_POINT('',(787.91084057675,524.97143824106,
    114.67408376333));
#1502 = CARTESIAN_POINT('',(797.96139371868,434.81711047136,
    101.48514182614));
#1503 = CARTESIAN_POINT('',(1.027332468268E+03,602.10479474671,
    190.99203697245));
#1504 = CARTESIAN_POINT('',(1.028559358604E+03,454.99181823097,
    162.61329383066));
#1505 = CARTESIAN_POINT('',(1.396552331796E+03,721.05464751077,
    261.71510403259));
#1506 = CARTESIAN_POINT('',(1.382261824833E+03,485.93677428717,
    216.55008278723));
#1507 = CARTESIAN_POINT('',(1.771051225007E+03,841.70522080922,
    287.58359524556));
#1508 = CARTESIAN_POINT('',(1.739693042632E+03,517.20795383481,
    231.97438702919));
#1509 = CARTESIAN_POINT('',(2.145910323026E+03,962.47183962187,
    268.31597723413));
#1510 = CARTESIAN_POINT('',(2.09670559736E+03,548.44250510994,
    208.75134110558));
#1511 = CARTESIAN_POINT('',(2.516206999298E+03,1.081768604159E+03,
    204.10709293684));
#1512 = CARTESIAN_POINT('',(2.449155976748E+03,579.27791776185,
    147.10631275704));
#1513 = CARTESIAN_POINT('',(2.756812980063E+03,1.159283518207E+03,
    132.01756114143));
#1514 = CARTESIAN_POINT('',(2.6783751773E+03,599.33199927265,
    80.958878015476));
#1515 = CARTESIAN_POINT('',(2.874742503639E+03,1.197276326427E+03,
    88.782106114134));
#1516 = CARTESIAN_POINT('',(2.79086727542E+03,609.17378259438,
    41.73390260755));
#1517 = DEFINITIONAL_REPRESENTATION('',(#1518),#1522);
#1518 = LINE('',#1519,#1520);
#1519 = CARTESIAN_POINT('',(0.,0.));
#1520 = VECTOR('',#1521,1.);
#1521 = DIRECTION('',(1.,0.));
#1522 = ( GEOMETRIC_REPRESENTATION_CONTEXT(2) 
PARAMETRIC_REPRESENTATION_CONTEXT() REPRESENTATION_CONTEXT('2D SPACE',''
  ) );
#1523 = ORIENTED_EDGE('',*,*,#1524,.F.);
#1524 = EDGE_CURVE('',#1228,#1478,#1525,.T.);
#1525 = SURFACE_CURVE('',#1526,(#1529,#1536),.PCURVE_S1.);
#1526 = B_SPLINE_CURVE_WITH_KNOTS('',1,(#1527,#1528),.UNSPECIFIED.,.F.,
  .F.,(2,2),(0.,1.),.PIECEWISE_BEZIER_KNOTS.);
#1527 = CARTESIAN_POINT('',(643.76933180701,544.82185687646,
    71.780355061818));
#1528 = CARTESIAN_POINT('',(670.68792114094,487.20627340337,
    69.367240324187));
#1529 = PCURVE('',#1248,#1530);
#1530 = DEFINITIONAL_REPRESENTATION('',(#1531),#1535);
#1531 = LINE('',#1532,#1533);
#1532 = CARTESIAN_POINT('',(0.,0.));
#1533 = VECTOR('',#1534,1.);
#1534 = DIRECTION('',(0.,1.));
#1535 = ( GEOMETRIC_REPRESENTATION_CONTEXT(2) 
PARAMETRIC_REPRESENTATION_CONTEXT() REPRESENTATION_CONTEXT('2D SPACE',''
  ) );
#1536 = PCURVE('',#1438,#1537);
#1537 = DEFINITIONAL_REPRESENTATION('',(#1538),#1542);
#1538 = LINE('',#1539,#1540);
#1539 = CARTESIAN_POINT('',(3.,0.));
#1540 = VECTOR('',#1541,1.);
#1541 = DIRECTION('',(0.,1.));
#1542 = ( GEOMETRIC_REPRESENTATION_CONTEXT(2) 
PARAMETRIC_REPRESENTATION_CONTEXT() REPRESENTATION_CONTEXT('2D SPACE',''
  ) );
#1543 = ADVANCED_FACE('',(#1544),#1334,.F.);
#1544 = FACE_BOUND('',#1545,.F.);
#1545 = EDGE_LOOP('',(#1546,#1547,#1569,#1595));
#1546 = ORIENTED_EDGE('',*,*,#1320,.T.);
#1547 = ORIENTED_EDGE('',*,*,#1548,.T.);
#1548 = EDGE_CURVE('',#1299,#1549,#1551,.T.);
#1549 = VERTEX_POINT('',#1550);
#1550 = CARTESIAN_POINT('',(2.874742503639E+03,1.197276326427E+03,
    85.782106114134));
#1551 = SURFACE_CURVE('',#1552,(#1555,#1562),.PCURVE_S1.);
#1552 = B_SPLINE_CURVE_WITH_KNOTS('',1,(#1553,#1554),.UNSPECIFIED.,.F.,
  .F.,(2,2),(0.,1.),.PIECEWISE_BEZIER_KNOTS.);
#1553 = CARTESIAN_POINT('',(2.790035360447E+03,1.819905270013E+03,
    135.59242160106));
#1554 = CARTESIAN_POINT('',(2.874742503639E+03,1.197276326427E+03,
    85.782106114134));
#1555 = PCURVE('',#1334,#1556);
#1556 = DEFINITIONAL_REPRESENTATION('',(#1557),#1561);
#1557 = LINE('',#1558,#1559);
#1558 = CARTESIAN_POINT('',(3.,0.));
#1559 = VECTOR('',#1560,1.);
#1560 = DIRECTION('',(0.,1.));
#1561 = ( GEOMETRIC_REPRESENTATION_CONTEXT(2) 
PARAMETRIC_REPRESENTATION_CONTEXT() REPRESENTATION_CONTEXT('2D SPACE',''
  ) );
#1562 = PCURVE('',#1392,#1563);
#1563 = DEFINITIONAL_REPRESENTATION('',(#1564),#1568);
#1564 = LINE('',#1565,#1566);
#1565 = CARTESIAN_POINT('',(0.,0.));
#1566 = VECTOR('',#1567,1.);
#1567 = DIRECTION('',(0.,1.));
#1568 = ( GEOMETRIC_REPRESENTATION_CONTEXT(2) 
PARAMETRIC_REPRESENTATION_CONTEXT() REPRESENTATION_CONTEXT('2D SPACE',''
  ) );
#1569 = ORIENTED_EDGE('',*,*,#1570,.F.);
#1570 = EDGE_CURVE('',#1456,#1549,#1571,.T.);
#1571 = SURFACE_CURVE('',#1572,(#1576,#1583),.PCURVE_S1.);
#1572 = LINE('',#1573,#1574);
#1573 = CARTESIAN_POINT('',(2.874742503639E+03,1.197276326427E+03,
    88.782106114134));
#1574 = VECTOR('',#1575,1.);
#1575 = DIRECTION('',(0.,0.,-1.));
#1576 = PCURVE('',#1334,#1577);
#1577 = DEFINITIONAL_REPRESENTATION('',(#1578),#1582);
#1578 = LINE('',#1579,#1580);
#1579 = CARTESIAN_POINT('',(0.,1.));
#1580 = VECTOR('',#1581,1.);
#1581 = DIRECTION('',(1.,0.));
#1582 = ( GEOMETRIC_REPRESENTATION_CONTEXT(2) 
PARAMETRIC_REPRESENTATION_CONTEXT() REPRESENTATION_CONTEXT('2D SPACE',''
  ) );
#1583 = PCURVE('',#1584,#1589);
#1584 = B_SPLINE_SURFACE_WITH_KNOTS('',1,1,(
    (#1585,#1586)
    ,(#1587,#1588
    )),.UNSPECIFIED.,.F.,.F.,.F.,(2,2),(2,2),(0.,3.),(0.,1.),
  .PIECEWISE_BEZIER_KNOTS.);
#1585 = CARTESIAN_POINT('',(2.874742503639E+03,1.197276326427E+03,
    88.782106114134));
#1586 = CARTESIAN_POINT('',(2.79086727542E+03,609.17378259438,
    41.73390260755));
#1587 = CARTESIAN_POINT('',(2.874742503639E+03,1.197276326427E+03,
    85.782106114134));
#1588 = CARTESIAN_POINT('',(2.79086727542E+03,609.17378259438,
    38.73390260755));
#1589 = DEFINITIONAL_REPRESENTATION('',(#1590),#1594);
#1590 = LINE('',#1591,#1592);
#1591 = CARTESIAN_POINT('',(0.,0.));
#1592 = VECTOR('',#1593,1.);
#1593 = DIRECTION('',(1.,0.));
#1594 = ( GEOMETRIC_REPRESENTATION_CONTEXT(2) 
PARAMETRIC_REPRESENTATION_CONTEXT() REPRESENTATION_CONTEXT('2D SPACE',''
  ) );
#1595 = ORIENTED_EDGE('',*,*,#1455,.F.);
#1596 = ADVANCED_FACE('',(#1597),#1392,.F.);
#1597 = FACE_BOUND('',#1598,.F.);
#1598 = EDGE_LOOP('',(#1599,#1600,#1622,#1667));
#1599 = ORIENTED_EDGE('',*,*,#1373,.T.);
#1600 = ORIENTED_EDGE('',*,*,#1601,.T.);
#1601 = EDGE_CURVE('',#1352,#1602,#1604,.T.);
#1602 = VERTEX_POINT('',#1603);
#1603 = CARTESIAN_POINT('',(670.68792114094,487.20627340337,
    66.367240324187));
#1604 = SURFACE_CURVE('',#1605,(#1608,#1615),.PCURVE_S1.);
#1605 = B_SPLINE_CURVE_WITH_KNOTS('',1,(#1606,#1607),.UNSPECIFIED.,.F.,
  .F.,(2,2),(0.,1.),.PIECEWISE_BEZIER_KNOTS.);
#1606 = CARTESIAN_POINT('',(643.76933180701,544.82185687646,
    68.780355061818));
#1607 = CARTESIAN_POINT('',(670.68792114094,487.20627340337,
    66.367240324187));
#1608 = PCURVE('',#1392,#1609);
#1609 = DEFINITIONAL_REPRESENTATION('',(#1610),#1614);
#1610 = LINE('',#1611,#1612);
#1611 = CARTESIAN_POINT('',(2.546852225019E+03,0.));
#1612 = VECTOR('',#1613,1.);
#1613 = DIRECTION('',(0.,1.));
#1614 = ( GEOMETRIC_REPRESENTATION_CONTEXT(2) 
PARAMETRIC_REPRESENTATION_CONTEXT() REPRESENTATION_CONTEXT('2D SPACE',''
  ) );
#1615 = PCURVE('',#1438,#1616);
#1616 = DEFINITIONAL_REPRESENTATION('',(#1617),#1621);
#1617 = LINE('',#1618,#1619);
#1618 = CARTESIAN_POINT('',(0.,0.));
#1619 = VECTOR('',#1620,1.);
#1620 = DIRECTION('',(0.,1.));
#1621 = ( GEOMETRIC_REPRESENTATION_CONTEXT(2) 
PARAMETRIC_REPRESENTATION_CONTEXT() REPRESENTATION_CONTEXT('2D SPACE',''
  ) );
#1622 = ORIENTED_EDGE('',*,*,#1623,.F.);
#1623 = EDGE_CURVE('',#1549,#1602,#1624,.T.);
#1624 = SURFACE_CURVE('',#1625,(#1635,#1641),.PCURVE_S1.);
#1625 = B_SPLINE_CURVE_WITH_KNOTS('',3,(#1626,#1627,#1628,#1629,#1630,
    #1631,#1632,#1633,#1634),.UNSPECIFIED.,.F.,.F.,(4,1,1,1,1,1,4),(0.,
    393.44086591518,786.88173183037,1.180322597746E+03,
    1.573763463661E+03,1.967204329576E+03,2.360645195491E+03),
  .UNSPECIFIED.);
#1626 = CARTESIAN_POINT('',(2.874742503639E+03,1.197276326427E+03,
    85.782106114134));
#1627 = CARTESIAN_POINT('',(2.756812980063E+03,1.159283518207E+03,
    129.01756114143));
#1628 = CARTESIAN_POINT('',(2.516206999298E+03,1.081768604159E+03,
    201.10709293684));
#1629 = CARTESIAN_POINT('',(2.145910323026E+03,962.47183962187,
    265.31597723413));
#1630 = CARTESIAN_POINT('',(1.771051225007E+03,841.70522080922,
    284.58359524556));
#1631 = CARTESIAN_POINT('',(1.396552331796E+03,721.05464751077,
    258.71510403259));
#1632 = CARTESIAN_POINT('',(1.027332468268E+03,602.10479474671,
    187.99203697245));
#1633 = CARTESIAN_POINT('',(787.91084057675,524.97143824106,
    111.67408376333));
#1634 = CARTESIAN_POINT('',(670.68792114094,487.20627340337,
    66.367240324187));
#1635 = PCURVE('',#1392,#1636);
#1636 = DEFINITIONAL_REPRESENTATION('',(#1637),#1640);
#1637 = B_SPLINE_CURVE_WITH_KNOTS('',1,(#1638,#1639),.UNSPECIFIED.,.F.,
  .F.,(2,2),(0.,2.360645195491E+03),.PIECEWISE_BEZIER_KNOTS.);
#1638 = CARTESIAN_POINT('',(0.,1.));
#1639 = CARTESIAN_POINT('',(2.546852225019E+03,1.));
#1640 = ( GEOMETRIC_REPRESENTATION_CONTEXT(2) 
PARAMETRIC_REPRESENTATION_CONTEXT() REPRESENTATION_CONTEXT('2D SPACE',''
  ) );
#1641 = PCURVE('',#1642,#1661);
#1642 = B_SPLINE_SURFACE_WITH_KNOTS('',3,1,(
    (#1643,#1644)
    ,(#1645,#1646)
    ,(#1647,#1648)
    ,(#1649,#1650)
    ,(#1651,#1652)
    ,(#1653,#1654)
    ,(#1655,#1656)
    ,(#1657,#1658)
    ,(#1659,#1660
    )),.UNSPECIFIED.,.F.,.F.,.F.,(4,1,1,1,1,1,4),(2,2),(0.,
    393.44086591518,786.88173183037,1.180322597746E+03,
    1.573763463661E+03,1.967204329576E+03,2.360645195491E+03),(0.,1.),
  .UNSPECIFIED.);
#1643 = CARTESIAN_POINT('',(2.874742503639E+03,1.197276326427E+03,
    85.782106114134));
#1644 = CARTESIAN_POINT('',(2.79086727542E+03,609.17378259438,
    38.73390260755));
#1645 = CARTESIAN_POINT('',(2.756812980063E+03,1.159283518207E+03,
    129.01756114143));
#1646 = CARTESIAN_POINT('',(2.6783751773E+03,599.33199927265,
    77.958878015476));
#1647 = CARTESIAN_POINT('',(2.516206999298E+03,1.081768604159E+03,
    201.10709293684));
#1648 = CARTESIAN_POINT('',(2.449155976748E+03,579.27791776185,
    144.10631275704));
#1649 = CARTESIAN_POINT('',(2.145910323026E+03,962.47183962187,
    265.31597723413));
#1650 = CARTESIAN_POINT('',(2.09670559736E+03,548.44250510994,
    205.75134110558));
#1651 = CARTESIAN_POINT('',(1.771051225007E+03,841.70522080922,
    284.58359524556));
#1652 = CARTESIAN_POINT('',(1.739693042632E+03,517.20795383481,
    228.97438702919));
#1653 = CARTESIAN_POINT('',(1.396552331796E+03,721.05464751077,
    258.71510403259));
#1654 = CARTESIAN_POINT('',(1.382261824833E+03,485.93677428717,
    213.55008278723));
#1655 = CARTESIAN_POINT('',(1.027332468268E+03,602.10479474671,
    187.99203697245));
#1656 = CARTESIAN_POINT('',(1.028559358604E+03,454.99181823097,
    159.61329383066));
#1657 = CARTESIAN_POINT('',(787.91084057675,524.97143824106,
    111.67408376333));
#1658 = CARTESIAN_POINT('',(797.96139371868,434.81711047136,
    98.485141826144));
#1659 = CARTESIAN_POINT('',(670.68792114094,487.20627340337,
    66.367240324187));
#1660 = CARTESIAN_POINT('',(684.64615647232,424.90331180755,
    61.725039297038));
#1661 = DEFINITIONAL_REPRESENTATION('',(#1662),#1666);
#1662 = LINE('',#1663,#1664);
#1663 = CARTESIAN_POINT('',(0.,0.));
#1664 = VECTOR('',#1665,1.);
#1665 = DIRECTION('',(1.,0.));
#1666 = ( GEOMETRIC_REPRESENTATION_CONTEXT(2) 
PARAMETRIC_REPRESENTATION_CONTEXT() REPRESENTATION_CONTEXT('2D SPACE',''
  ) );
#1667 = ORIENTED_EDGE('',*,*,#1548,.F.);
#1668 = ADVANCED_FACE('',(#1669),#1438,.F.);
#1669 = FACE_BOUND('',#1670,.F.);
#1670 = EDGE_LOOP('',(#1671,#1672,#1673,#1699));
#1671 = ORIENTED_EDGE('',*,*,#1424,.T.);
#1672 = ORIENTED_EDGE('',*,*,#1524,.T.);
#1673 = ORIENTED_EDGE('',*,*,#1674,.F.);
#1674 = EDGE_CURVE('',#1602,#1478,#1675,.T.);
#1675 = SURFACE_CURVE('',#1676,(#1680,#1687),.PCURVE_S1.);
#1676 = LINE('',#1677,#1678);
#1677 = CARTESIAN_POINT('',(670.68792114094,487.20627340337,
    66.367240324187));
#1678 = VECTOR('',#1679,1.);
#1679 = DIRECTION('',(0.,0.,1.));
#1680 = PCURVE('',#1438,#1681);
#1681 = DEFINITIONAL_REPRESENTATION('',(#1682),#1686);
#1682 = LINE('',#1683,#1684);
#1683 = CARTESIAN_POINT('',(0.,1.));
#1684 = VECTOR('',#1685,1.);
#1685 = DIRECTION('',(1.,0.));
#1686 = ( GEOMETRIC_REPRESENTATION_CONTEXT(2) 
PARAMETRIC_REPRESENTATION_CONTEXT() REPRESENTATION_CONTEXT('2D SPACE',''
  ) );
#1687 = PCURVE('',#1688,#1693);
#1688 = B_SPLINE_SURFACE_WITH_KNOTS('',1,1,(
    (#1689,#1690)
    ,(#1691,#1692
    )),.UNSPECIFIED.,.F.,.F.,.F.,(2,2),(2,2),(0.,3.),(0.,1.),
  .PIECEWISE_BEZIER_KNOTS.);
#1689 = CARTESIAN_POINT('',(670.68792114094,487.20627340337,
    66.367240324187));
#1690 = CARTESIAN_POINT('',(684.64615647232,424.90331180755,
    61.725039297038));
#1691 = CARTESIAN_POINT('',(670.68792114094,487.20627340337,
    69.367240324187));
#1692 = CARTESIAN_POINT('',(684.64615647232,424.90331180755,
    64.725039297038));
#1693 = DEFINITIONAL_REPRESENTATION('',(#1694),#1698);
#1694 = LINE('',#1695,#1696);
#1695 = CARTESIAN_POINT('',(0.,0.));
#1696 = VECTOR('',#1697,1.);
#1697 = DIRECTION('',(1.,0.));
#1698 = ( GEOMETRIC_REPRESENTATION_CONTEXT(2) 
PARAMETRIC_REPRESENTATION_CONTEXT() REPRESENTATION_CONTEXT('2D SPACE',''
  ) );
#1699 = ORIENTED_EDGE('',*,*,#1601,.F.);
#1700 = ADVANCED_FACE('',(#1701),#1498,.F.);
#1701 = FACE_BOUND('',#1702,.F.);
#1702 = EDGE_LOOP('',(#1703,#1704,#1726,#1765));
#1703 = ORIENTED_EDGE('',*,*,#1477,.T.);
#1704 = ORIENTED_EDGE('',*,*,#1705,.T.);
#1705 = EDGE_CURVE('',#1456,#1706,#1708,.T.);
#1706 = VERTEX_POINT('',#1707);
#1707 = CARTESIAN_POINT('',(2.79086727542E+03,609.17378259438,
    41.73390260755));
#1708 = SURFACE_CURVE('',#1709,(#1712,#1719),.PCURVE_S1.);
#1709 = B_SPLINE_CURVE_WITH_KNOTS('',1,(#1710,#1711),.UNSPECIFIED.,.F.,
  .F.,(2,2),(0.,1.),.PIECEWISE_BEZIER_KNOTS.);
#1710 = CARTESIAN_POINT('',(2.874742503639E+03,1.197276326427E+03,
    88.782106114134));
#1711 = CARTESIAN_POINT('',(2.79086727542E+03,609.17378259438,
    41.73390260755));
#1712 = PCURVE('',#1498,#1713);
#1713 = DEFINITIONAL_REPRESENTATION('',(#1714),#1718);
#1714 = LINE('',#1715,#1716);
#1715 = CARTESIAN_POINT('',(2.360645195491E+03,0.));
#1716 = VECTOR('',#1717,1.);
#1717 = DIRECTION('',(0.,1.));
#1718 = ( GEOMETRIC_REPRESENTATION_CONTEXT(2) 
PARAMETRIC_REPRESENTATION_CONTEXT() REPRESENTATION_CONTEXT('2D SPACE',''
  ) );
#1719 = PCURVE('',#1584,#1720);
#1720 = DEFINITIONAL_REPRESENTATION('',(#1721),#1725);
#1721 = LINE('',#1722,#1723);
#1722 = CARTESIAN_POINT('',(0.,0.));
#1723 = VECTOR('',#1724,1.);
#1724 = DIRECTION('',(0.,1.));
#1725 = ( GEOMETRIC_REPRESENTATION_CONTEXT(2) 
PARAMETRIC_REPRESENTATION_CONTEXT() REPRESENTATION_CONTEXT('2D SPACE',''
  ) );
#1726 = ORIENTED_EDGE('',*,*,#1727,.F.);
#1727 = EDGE_CURVE('',#1728,#1706,#1730,.T.);
#1728 = VERTEX_POINT('',#1729);
#1729 = CARTESIAN_POINT('',(684.64615647232,424.90331180755,
    64.725039297038));
#1730 = SURFACE_CURVE('',#1731,(#1741,#1747),.PCURVE_S1.);
#1731 = B_SPLINE_CURVE_WITH_KNOTS('',3,(#1732,#1733,#1734,#1735,#1736,
    #1737,#1738,#1739,#1740),.UNSPECIFIED.,.F.,.F.,(4,1,1,1,1,1,4),(0.,
    358.43373041617,716.86746083235,1.075301191249E+03,
    1.433734921665E+03,1.792168652081E+03,2.150602382497E+03),
  .UNSPECIFIED.);
#1732 = CARTESIAN_POINT('',(684.64615647232,424.90331180755,
    64.725039297038));
#1733 = CARTESIAN_POINT('',(797.96139371868,434.81711047136,
    101.48514182614));
#1734 = CARTESIAN_POINT('',(1.028559358604E+03,454.99181823097,
    162.61329383066));
#1735 = CARTESIAN_POINT('',(1.382261824833E+03,485.93677428717,
    216.55008278723));
#1736 = CARTESIAN_POINT('',(1.739693042632E+03,517.20795383481,
    231.97438702919));
#1737 = CARTESIAN_POINT('',(2.09670559736E+03,548.44250510994,
    208.75134110558));
#1738 = CARTESIAN_POINT('',(2.449155976748E+03,579.27791776185,
    147.10631275704));
#1739 = CARTESIAN_POINT('',(2.6783751773E+03,599.33199927265,
    80.958878015476));
#1740 = CARTESIAN_POINT('',(2.79086727542E+03,609.17378259438,
    41.73390260755));
#1741 = PCURVE('',#1498,#1742);
#1742 = DEFINITIONAL_REPRESENTATION('',(#1743),#1746);
#1743 = B_SPLINE_CURVE_WITH_KNOTS('',1,(#1744,#1745),.UNSPECIFIED.,.F.,
  .F.,(2,2),(0.,2.150602382497E+03),.PIECEWISE_BEZIER_KNOTS.);
#1744 = CARTESIAN_POINT('',(0.,1.));
#1745 = CARTESIAN_POINT('',(2.360645195491E+03,1.));
#1746 = ( GEOMETRIC_REPRESENTATION_CONTEXT(2) 
PARAMETRIC_REPRESENTATION_CONTEXT() REPRESENTATION_CONTEXT('2D SPACE',''
  ) );
#1747 = PCURVE('',#1748,#1753);
#1748 = PLANE('',#1749);
#1749 = AXIS2_PLACEMENT_3D('',#1750,#1751,#1752);
#1750 = CARTESIAN_POINT('',(684.64615647232,424.90331180755,
    64.725039297038));
#1751 = DIRECTION('',(8.715574274766E-02,-0.996194698092,
    6.557182714695E-17));
#1752 = DIRECTION('',(0.996119432569,8.714915786767E-02,
    -1.229228787901E-02));
#1753 = DEFINITIONAL_REPRESENTATION('',(#1754),#1764);
#1754 = B_SPLINE_CURVE_WITH_KNOTS('',3,(#1755,#1756,#1757,#1758,#1759,
    #1760,#1761,#1762,#1763),.UNSPECIFIED.,.F.,.F.,(4,1,1,1,1,1,4),(0.,
    358.43373041617,716.86746083235,1.075301191249E+03,
    1.433734921665E+03,1.792168652081E+03,2.150602382497E+03),
  .UNSPECIFIED.);
#1755 = CARTESIAN_POINT('',(0.,0.));
#1756 = CARTESIAN_POINT('',(113.28762326934,38.155549374629));
#1757 = CARTESIAN_POINT('',(343.997541152,102.12448715304));
#1758 = CARTESIAN_POINT('',(698.36126143369,160.42162149802));
#1759 = CARTESIAN_POINT('',(1.056941100265E+03,180.25519083266));
#1760 = CARTESIAN_POINT('',(1.415575772906E+03,161.43916394081));
#1761 = CARTESIAN_POINT('',(1.770103483512E+03,104.14776373354));
#1762 = CARTESIAN_POINT('',(2.000993983125E+03,40.833717914082));
#1763 = CARTESIAN_POINT('',(2.114389415891E+03,2.999773340926));
#1764 = ( GEOMETRIC_REPRESENTATION_CONTEXT(2) 
PARAMETRIC_REPRESENTATION_CONTEXT() REPRESENTATION_CONTEXT('2D SPACE',''
  ) );
#1765 = ORIENTED_EDGE('',*,*,#1766,.F.);
#1766 = EDGE_CURVE('',#1478,#1728,#1767,.T.);
#1767 = SURFACE_CURVE('',#1768,(#1771,#1778),.PCURVE_S1.);
#1768 = B_SPLINE_CURVE_WITH_KNOTS('',1,(#1769,#1770),.UNSPECIFIED.,.F.,
  .F.,(2,2),(0.,1.),.PIECEWISE_BEZIER_KNOTS.);
#1769 = CARTESIAN_POINT('',(670.68792114094,487.20627340337,
    69.367240324187));
#1770 = CARTESIAN_POINT('',(684.64615647232,424.90331180755,
    64.725039297038));
#1771 = PCURVE('',#1498,#1772);
#1772 = DEFINITIONAL_REPRESENTATION('',(#1773),#1777);
#1773 = LINE('',#1774,#1775);
#1774 = CARTESIAN_POINT('',(0.,0.));
#1775 = VECTOR('',#1776,1.);
#1776 = DIRECTION('',(0.,1.));
#1777 = ( GEOMETRIC_REPRESENTATION_CONTEXT(2) 
PARAMETRIC_REPRESENTATION_CONTEXT() REPRESENTATION_CONTEXT('2D SPACE',''
  ) );
#1778 = PCURVE('',#1688,#1779);
#1779 = DEFINITIONAL_REPRESENTATION('',(#1780),#1784);
#1780 = LINE('',#1781,#1782);
#1781 = CARTESIAN_POINT('',(3.,0.));
#1782 = VECTOR('',#1783,1.);
#1783 = DIRECTION('',(0.,1.));
#1784 = ( GEOMETRIC_REPRESENTATION_CONTEXT(2) 
PARAMETRIC_REPRESENTATION_CONTEXT() REPRESENTATION_CONTEXT('2D SPACE',''
  ) );
#1785 = ADVANCED_FACE('',(#1786),#1584,.F.);
#1786 = FACE_BOUND('',#1787,.F.);
#1787 = EDGE_LOOP('',(#1788,#1789,#1811,#1832));
#1788 = ORIENTED_EDGE('',*,*,#1570,.T.);
#1789 = ORIENTED_EDGE('',*,*,#1790,.T.);
#1790 = EDGE_CURVE('',#1549,#1791,#1793,.T.);
#1791 = VERTEX_POINT('',#1792);
#1792 = CARTESIAN_POINT('',(2.79086727542E+03,609.17378259438,
    38.73390260755));
#1793 = SURFACE_CURVE('',#1794,(#1797,#1804),.PCURVE_S1.);
#1794 = B_SPLINE_CURVE_WITH_KNOTS('',1,(#1795,#1796),.UNSPECIFIED.,.F.,
  .F.,(2,2),(0.,1.),.PIECEWISE_BEZIER_KNOTS.);
#1795 = CARTESIAN_POINT('',(2.874742503639E+03,1.197276326427E+03,
    85.782106114134));
#1796 = CARTESIAN_POINT('',(2.79086727542E+03,609.17378259438,
    38.73390260755));
#1797 = PCURVE('',#1584,#1798);
#1798 = DEFINITIONAL_REPRESENTATION('',(#1799),#1803);
#1799 = LINE('',#1800,#1801);
#1800 = CARTESIAN_POINT('',(3.,0.));
#1801 = VECTOR('',#1802,1.);
#1802 = DIRECTION('',(0.,1.));
#1803 = ( GEOMETRIC_REPRESENTATION_CONTEXT(2) 
PARAMETRIC_REPRESENTATION_CONTEXT() REPRESENTATION_CONTEXT('2D SPACE',''
  ) );
#1804 = PCURVE('',#1642,#1805);
#1805 = DEFINITIONAL_REPRESENTATION('',(#1806),#1810);
#1806 = LINE('',#1807,#1808);
#1807 = CARTESIAN_POINT('',(0.,0.));
#1808 = VECTOR('',#1809,1.);
#1809 = DIRECTION('',(0.,1.));
#1810 = ( GEOMETRIC_REPRESENTATION_CONTEXT(2) 
PARAMETRIC_REPRESENTATION_CONTEXT() REPRESENTATION_CONTEXT('2D SPACE',''
  ) );
#1811 = ORIENTED_EDGE('',*,*,#1812,.F.);
#1812 = EDGE_CURVE('',#1706,#1791,#1813,.T.);
#1813 = SURFACE_CURVE('',#1814,(#1818,#1825),.PCURVE_S1.);
#1814 = LINE('',#1815,#1816);
#1815 = CARTESIAN_POINT('',(2.79086727542E+03,609.17378259438,
    41.73390260755));
#1816 = VECTOR('',#1817,1.);
#1817 = DIRECTION('',(0.,0.,-1.));
#1818 = PCURVE('',#1584,#1819);
#1819 = DEFINITIONAL_REPRESENTATION('',(#1820),#1824);
#1820 = LINE('',#1821,#1822);
#1821 = CARTESIAN_POINT('',(0.,1.));
#1822 = VECTOR('',#1823,1.);
#1823 = DIRECTION('',(1.,0.));
#1824 = ( GEOMETRIC_REPRESENTATION_CONTEXT(2) 
PARAMETRIC_REPRESENTATION_CONTEXT() REPRESENTATION_CONTEXT('2D SPACE',''
  ) );
#1825 = PCURVE('',#1748,#1826);
#1826 = DEFINITIONAL_REPRESENTATION('',(#1827),#1831);
#1827 = LINE('',#1828,#1829);
#1828 = CARTESIAN_POINT('',(2.114389415891E+03,2.999773340926));
#1829 = VECTOR('',#1830,1.);
#1830 = DIRECTION('',(1.229228787901E-02,-0.999924446975));
#1831 = ( GEOMETRIC_REPRESENTATION_CONTEXT(2) 
PARAMETRIC_REPRESENTATION_CONTEXT() REPRESENTATION_CONTEXT('2D SPACE',''
  ) );
#1832 = ORIENTED_EDGE('',*,*,#1705,.F.);
#1833 = ADVANCED_FACE('',(#1834),#1642,.F.);
#1834 = FACE_BOUND('',#1835,.F.);
#1835 = EDGE_LOOP('',(#1836,#1837,#1859,#1891));
#1836 = ORIENTED_EDGE('',*,*,#1623,.T.);
#1837 = ORIENTED_EDGE('',*,*,#1838,.T.);
#1838 = EDGE_CURVE('',#1602,#1839,#1841,.T.);
#1839 = VERTEX_POINT('',#1840);
#1840 = CARTESIAN_POINT('',(684.64615647232,424.90331180755,
    61.725039297038));
#1841 = SURFACE_CURVE('',#1842,(#1845,#1852),.PCURVE_S1.);
#1842 = B_SPLINE_CURVE_WITH_KNOTS('',1,(#1843,#1844),.UNSPECIFIED.,.F.,
  .F.,(2,2),(0.,1.),.PIECEWISE_BEZIER_KNOTS.);
#1843 = CARTESIAN_POINT('',(670.68792114094,487.20627340337,
    66.367240324187));
#1844 = CARTESIAN_POINT('',(684.64615647232,424.90331180755,
    61.725039297038));
#1845 = PCURVE('',#1642,#1846);
#1846 = DEFINITIONAL_REPRESENTATION('',(#1847),#1851);
#1847 = LINE('',#1848,#1849);
#1848 = CARTESIAN_POINT('',(2.360645195491E+03,0.));
#1849 = VECTOR('',#1850,1.);
#1850 = DIRECTION('',(0.,1.));
#1851 = ( GEOMETRIC_REPRESENTATION_CONTEXT(2) 
PARAMETRIC_REPRESENTATION_CONTEXT() REPRESENTATION_CONTEXT('2D SPACE',''
  ) );
#1852 = PCURVE('',#1688,#1853);
#1853 = DEFINITIONAL_REPRESENTATION('',(#1854),#1858);
#1854 = LINE('',#1855,#1856);
#1855 = CARTESIAN_POINT('',(0.,0.));
#1856 = VECTOR('',#1857,1.);
#1857 = DIRECTION('',(0.,1.));
#1858 = ( GEOMETRIC_REPRESENTATION_CONTEXT(2) 
PARAMETRIC_REPRESENTATION_CONTEXT() REPRESENTATION_CONTEXT('2D SPACE',''
  ) );
#1859 = ORIENTED_EDGE('',*,*,#1860,.F.);
#1860 = EDGE_CURVE('',#1791,#1839,#1861,.T.);
#1861 = SURFACE_CURVE('',#1862,(#1872,#1878),.PCURVE_S1.);
#1862 = B_SPLINE_CURVE_WITH_KNOTS('',3,(#1863,#1864,#1865,#1866,#1867,
    #1868,#1869,#1870,#1871),.UNSPECIFIED.,.F.,.F.,(4,1,1,1,1,1,4),(0.,
    358.43373041617,716.86746083235,1.075301191249E+03,
    1.433734921665E+03,1.792168652081E+03,2.150602382497E+03),
  .UNSPECIFIED.);
#1863 = CARTESIAN_POINT('',(2.79086727542E+03,609.17378259438,
    38.73390260755));
#1864 = CARTESIAN_POINT('',(2.6783751773E+03,599.33199927265,
    77.958878015476));
#1865 = CARTESIAN_POINT('',(2.449155976748E+03,579.27791776185,
    144.10631275704));
#1866 = CARTESIAN_POINT('',(2.09670559736E+03,548.44250510994,
    205.75134110558));
#1867 = CARTESIAN_POINT('',(1.739693042632E+03,517.20795383481,
    228.97438702919));
#1868 = CARTESIAN_POINT('',(1.382261824833E+03,485.93677428717,
    213.55008278723));
#1869 = CARTESIAN_POINT('',(1.028559358604E+03,454.99181823097,
    159.61329383066));
#1870 = CARTESIAN_POINT('',(797.96139371868,434.81711047136,
    98.485141826144));
#1871 = CARTESIAN_POINT('',(684.64615647232,424.90331180755,
    61.725039297038));
#1872 = PCURVE('',#1642,#1873);
#1873 = DEFINITIONAL_REPRESENTATION('',(#1874),#1877);
#1874 = B_SPLINE_CURVE_WITH_KNOTS('',1,(#1875,#1876),.UNSPECIFIED.,.F.,
  .F.,(2,2),(0.,2.150602382497E+03),.PIECEWISE_BEZIER_KNOTS.);
#1875 = CARTESIAN_POINT('',(0.,1.));
#1876 = CARTESIAN_POINT('',(2.360645195491E+03,1.));
#1877 = ( GEOMETRIC_REPRESENTATION_CONTEXT(2) 
PARAMETRIC_REPRESENTATION_CONTEXT() REPRESENTATION_CONTEXT('2D SPACE',''
  ) );
#1878 = PCURVE('',#1748,#1879);
#1879 = DEFINITIONAL_REPRESENTATION('',(#1880),#1890);
#1880 = B_SPLINE_CURVE_WITH_KNOTS('',3,(#1881,#1882,#1883,#1884,#1885,
    #1886,#1887,#1888,#1889),.UNSPECIFIED.,.F.,.F.,(4,1,1,1,1,1,4),(0.,
    358.43373041617,716.86746083235,1.075301191249E+03,
    1.433734921665E+03,1.792168652081E+03,2.150602382497E+03),
  .UNSPECIFIED.);
#1881 = CARTESIAN_POINT('',(2.114426292755E+03,0.));
#1882 = CARTESIAN_POINT('',(2.001030859989E+03,37.833944573156));
#1883 = CARTESIAN_POINT('',(1.770140360375E+03,101.14799039261));
#1884 = CARTESIAN_POINT('',(1.41561264977E+03,158.43939059988));
#1885 = CARTESIAN_POINT('',(1.056977977128E+03,177.25541749174));
#1886 = CARTESIAN_POINT('',(698.39813829733,157.4218481571));
#1887 = CARTESIAN_POINT('',(344.03441801564,99.12471381212));
#1888 = CARTESIAN_POINT('',(113.32450013298,35.155776033703));
#1889 = CARTESIAN_POINT('',(3.687686363708E-02,-2.999773340926));
#1890 = ( GEOMETRIC_REPRESENTATION_CONTEXT(2) 
PARAMETRIC_REPRESENTATION_CONTEXT() REPRESENTATION_CONTEXT('2D SPACE',''
  ) );
#1891 = ORIENTED_EDGE('',*,*,#1790,.F.);
#1892 = ADVANCED_FACE('',(#1893),#1688,.F.);
#1893 = FACE_BOUND('',#1894,.F.);
#1894 = EDGE_LOOP('',(#1895,#1896,#1897,#1918));
#1895 = ORIENTED_EDGE('',*,*,#1674,.T.);
#1896 = ORIENTED_EDGE('',*,*,#1766,.T.);
#1897 = ORIENTED_EDGE('',*,*,#1898,.F.);
#1898 = EDGE_CURVE('',#1839,#1728,#1899,.T.);
#1899 = SURFACE_CURVE('',#1900,(#1904,#1911),.PCURVE_S1.);
#1900 = LINE('',#1901,#1902);
#1901 = CARTESIAN_POINT('',(684.64615647232,424.90331180755,
    61.725039297038));
#1902 = VECTOR('',#1903,1.);
#1903 = DIRECTION('',(0.,0.,1.));
#1904 = PCURVE('',#1688,#1905);
#1905 = DEFINITIONAL_REPRESENTATION('',(#1906),#1910);
#1906 = LINE('',#1907,#1908);
#1907 = CARTESIAN_POINT('',(0.,1.));
#1908 = VECTOR('',#1909,1.);
#1909 = DIRECTION('',(1.,0.));
#1910 = ( GEOMETRIC_REPRESENTATION_CONTEXT(2) 
PARAMETRIC_REPRESENTATION_CONTEXT() REPRESENTATION_CONTEXT('2D SPACE',''
  ) );
#1911 = PCURVE('',#1748,#1912);
#1912 = DEFINITIONAL_REPRESENTATION('',(#1913),#1917);
#1913 = LINE('',#1914,#1915);
#1914 = CARTESIAN_POINT('',(3.687686363703E-02,-2.999773340926));
#1915 = VECTOR('',#1916,1.);
#1916 = DIRECTION('',(-1.229228787901E-02,0.999924446975));
#1917 = ( GEOMETRIC_REPRESENTATION_CONTEXT(2) 
PARAMETRIC_REPRESENTATION_CONTEXT() REPRESENTATION_CONTEXT('2D SPACE',''
  ) );
#1918 = ORIENTED_EDGE('',*,*,#1838,.F.);
#1919 = ADVANCED_FACE('',(#1920),#81,.F.);
#1920 = FACE_BOUND('',#1921,.T.);
#1921 = EDGE_LOOP('',(#1922,#1923,#1924,#1925));
#1922 = ORIENTED_EDGE('',*,*,#39,.T.);
#1923 = ORIENTED_EDGE('',*,*,#201,.T.);
#1924 = ORIENTED_EDGE('',*,*,#295,.T.);
#1925 = ORIENTED_EDGE('',*,*,#400,.T.);
#1926 = ADVANCED_FACE('',(#1927),#1748,.T.);
#1927 = FACE_BOUND('',#1928,.F.);
#1928 = EDGE_LOOP('',(#1929,#1930,#1931,#1932));
#1929 = ORIENTED_EDGE('',*,*,#1727,.T.);
#1930 = ORIENTED_EDGE('',*,*,#1812,.T.);
#1931 = ORIENTED_EDGE('',*,*,#1860,.T.);
#1932 = ORIENTED_EDGE('',*,*,#1898,.T.);
#1933 = ( GEOMETRIC_REPRESENTATION_CONTEXT(3) 
GLOBAL_UNCERTAINTY_ASSIGNED_CONTEXT((#1937)) 
GLOBAL_UNIT_ASSIGNED_CONTEXT((#1934,#1935,#1936)) REPRESENTATION_CONTEXT
('Context #1','3D Context with UNIT and UNCERTAINTY') );
#1934 = ( LENGTH_UNIT() NAMED_UNIT(*) SI_UNIT(.MILLI.,.METRE.) );
#1935 = ( NAMED_UNIT(*) PLANE_ANGLE_UNIT() SI_UNIT($,.RADIAN.) );
#1936 = ( NAMED_UNIT(*) SI_UNIT($,.STERADIAN.) SOLID_ANGLE_UNIT() );
#1937 = UNCERTAINTY_MEASURE_WITH_UNIT(LENGTH_MEASURE(1.E-07),#1934,
  'distance_accuracy_value','confusion accuracy');
#1938 = CONTEXT_DEPENDENT_SHAPE_REPRESENTATION(#1939,#1941);
#1939 = ( REPRESENTATION_RELATIONSHIP('','',#32,#10) 
REPRESENTATION_RELATIONSHIP_WITH_TRANSFORMATION(#1940) 
SHAPE_REPRESENTATION_RELATIONSHIP() );
#1940 = ITEM_DEFINED_TRANSFORMATION('','',#11,#15);
#1941 = PRODUCT_DEFINITION_SHAPE('Placement','Placement of an item',
  #1942);
#1942 = NEXT_ASSEMBLY_USAGE_OCCURRENCE('1','fr-cover-right.body','',#5,#27,$);
#1943 = PRODUCT_RELATED_PRODUCT_CATEGORY('part',$,(#29));
ENDSEC;
END-ISO-10303-21;
